date,ticker,fcst_gfs_global,fcst_ecmwf_ifs025,fcst_icon_seamless,fcst_gem_seamless,fcst_jma_seamless,fcst_ncep_hrrr_conus
2022-01-01,KXHIGHCHI,38.9,,,,37.1,37.1
2022-01-02,KXHIGHCHI,27.9,,,,28.7,27.6
2022-01-03,KXHIGHCHI,19.6,,,,27.1,21.2
2022-01-04,KXHIGHCHI,31.7,,,,35.2,31.1
2022-01-05,KXHIGHCHI,31.3,,,,35.1,30.8
2022-01-06,KXHIGHCHI,14.8,,,,18.0,13.9
2022-01-07,KXHIGHCHI,14.6,,,,15.7,14.0
2022-01-08,KXHIGHCHI,31.6,,,,34.2,32.0
2022-01-09,KXHIGHCHI,32.2,,,,34.8,32.4
2022-01-10,KXHIGHCHI,14.3,,,,17.2,15.8
2022-01-11,KXHIGHCHI,34.5,,,,37.6,32.2
2022-01-12,KXHIGHCHI,36.6,,,,38.0,39.2
2022-01-13,KXHIGHCHI,36.3,,,,36.5,36.5
2022-01-14,KXHIGHCHI,33.6,,,,35.7,33.8
2022-01-15,KXHIGHCHI,24.6,,,,26.7,24.3
2022-01-16,KXHIGHCHI,25.8,,,,26.7,25.4
2022-01-17,KXHIGHCHI,27.4,,,,28.1,27.2
2022-01-18,KXHIGHCHI,38.9,,,,40.3,39.7
2022-01-19,KXHIGHCHI,38.3,,,,40.3,38.9
2022-01-20,KXHIGHCHI,16.1,,,,18.3,17.6
2022-01-21,KXHIGHCHI,22.7,,,,24.0,23.1
2022-01-22,KXHIGHCHI,29.6,,,,30.5,30.3
2022-01-23,KXHIGHCHI,22.1,,,,25.9,22.3
2022-01-24,KXHIGHCHI,25.2,,,,24.9,25.0
2022-01-25,KXHIGHCHI,11.6,,,,18.9,12.3
2022-01-26,KXHIGHCHI,10.3,,,,17.5,9.2
2022-01-27,KXHIGHCHI,29.8,,,,32.2,29.1
2022-01-28,KXHIGHCHI,24.1,,,,28.9,26.7
2022-01-29,KXHIGHCHI,19.1,,,,25.3,19.8
2022-01-30,KXHIGHCHI,28.4,,,,29.5,28.2
2022-01-31,KXHIGHCHI,30.1,,,,31.9,31.0
2022-02-01,KXHIGHCHI,41.5,,,,42.0,44.7
2022-02-02,KXHIGHCHI,30.9,,,,33.0,33.3
2022-02-03,KXHIGHCHI,24.5,,,,24.2,24.0
2022-02-04,KXHIGHCHI,22.8,,,,22.1,24.9
2022-02-05,KXHIGHCHI,16.9,,,,19.3,18.0
2022-02-06,KXHIGHCHI,30.8,,,,30.2,32.3
2022-02-07,KXHIGHCHI,29.1,,,,29.5,29.1
2022-02-08,KXHIGHCHI,35.5,,,,37.4,37.2
2022-02-09,KXHIGHCHI,37.9,,,,37.6,39.9
2022-02-10,KXHIGHCHI,31.5,,,,32.6,32.8
2022-02-11,KXHIGHCHI,40.1,,,,41.1,42.0
2022-02-12,KXHIGHCHI,27.0,,,,28.9,29.0
2022-02-13,KXHIGHCHI,16.9,,,,15.9,17.5
2022-02-14,KXHIGHCHI,23.6,,,,22.9,24.2
2022-02-15,KXHIGHCHI,37.1,,,,39.0,36.4
2022-02-16,KXHIGHCHI,50.7,,,,48.3,52.6
2022-02-17,KXHIGHCHI,37.1,,,,37.2,47.6
2022-02-18,KXHIGHCHI,28.0,,,,31.2,27.5
2022-02-19,KXHIGHCHI,27.0,,,,30.3,28.1
2022-02-20,KXHIGHCHI,43.1,,,,42.6,46.3
2022-02-21,KXHIGHCHI,41.5,,,,43.5,45.2
2022-02-22,KXHIGHCHI,45.6,,,,43.8,44.7
2022-02-23,KXHIGHCHI,24.2,,,,24.3,25.2
2022-02-24,KXHIGHCHI,25.9,,,,25.1,25.8
2022-02-25,KXHIGHCHI,26.9,,,,26.0,27.0
2022-02-26,KXHIGHCHI,28.7,,,,30.1,30.8
2022-02-27,KXHIGHCHI,36.6,,,,34.9,42.0
2022-02-28,KXHIGHCHI,46.2,,,,40.0,51.5
2022-03-01,KXHIGHCHI,45.9,,,,39.7,45.3
2022-03-02,KXHIGHCHI,50.2,,,,37.6,57.3
2022-03-03,KXHIGHCHI,34.4,,,,33.3,33.1
2022-03-04,KXHIGHCHI,38.4,,,,35.1,36.2
2022-03-05,KXHIGHCHI,65.1,,,,53.9,67.6
2022-03-06,KXHIGHCHI,60.0,,,,53.2,60.0
2022-03-07,KXHIGHCHI,36.7,,,,35.0,35.7
2022-03-08,KXHIGHCHI,37.2,,,,33.6,37.4
2022-03-09,KXHIGHCHI,40.8,,,,35.7,41.5
2022-03-10,KXHIGHCHI,31.5,,,,29.5,29.2
2022-03-11,KXHIGHCHI,30.4,,,,28.5,31.0
2022-03-12,KXHIGHCHI,21.8,,,,21.8,21.8
2022-03-13,KXHIGHCHI,46.4,,,,39.8,49.6
2022-03-14,KXHIGHCHI,57.9,,,,47.8,62.7
2022-03-15,KXHIGHCHI,47.7,,,,35.5,42.7
2022-03-16,KXHIGHCHI,64.6,,,,53.7,67.9
2022-03-17,KXHIGHCHI,63.0,,,,51.5,66.4
2022-03-18,KXHIGHCHI,43.8,,,,39.4,43.2
2022-03-19,KXHIGHCHI,38.8,,,,40.2,40.5
2022-03-20,KXHIGHCHI,56.9,,,,47.7,55.4
2022-03-21,KXHIGHCHI,68.6,,,,56.9,74.5
2022-03-22,KXHIGHCHI,55.8,,,,49.2,49.3
2022-03-23,KXHIGHCHI,54.9,,,,48.0,53.6
2022-03-24,KXHIGHCHI,46.9,,,,42.9,44.7
2022-03-25,KXHIGHCHI,46.6,,,,42.0,44.1
2022-03-26,KXHIGHCHI,34.4,,,,34.5,31.5
2022-03-27,KXHIGHCHI,30.9,,,,27.6,28.1
2022-03-28,KXHIGHCHI,29.0,,,,27.7,29.0
2022-03-29,KXHIGHCHI,40.1,,,,40.2,40.1
2022-03-30,KXHIGHCHI,57.4,,,,52.3,59.5
2022-03-31,KXHIGHCHI,50.9,,,,49.3,54.9
2022-04-01,KXHIGHCHI,41.6,,,,35.9,36.4
2022-04-02,KXHIGHCHI,42.6,,,,37.5,38.6
2022-04-03,KXHIGHCHI,44.4,,,,38.2,41.5
2022-04-04,KXHIGHCHI,50.0,,,,46.0,51.3
2022-04-05,KXHIGHCHI,48.2,,,,45.6,47.6
2022-04-06,KXHIGHCHI,55.2,,,,49.2,54.9
2022-04-07,KXHIGHCHI,44.1,,,,43.4,43.0
2022-04-08,KXHIGHCHI,39.4,,,,39.7,38.2
2022-04-09,KXHIGHCHI,44.1,,,,38.2,40.3
2022-04-10,KXHIGHCHI,57.4,,,,51.9,53.9
2022-04-11,KXHIGHCHI,58.3,,,,53.8,59.6
2022-04-12,KXHIGHCHI,64.8,,,,56.9,60.9
2022-04-13,KXHIGHCHI,69.8,,,,58.5,68.1
2022-04-14,KXHIGHCHI,50.9,,,,46.7,49.9
2022-04-15,KXHIGHCHI,53.3,,,,46.7,52.9
2022-04-16,KXHIGHCHI,46.2,,,,41.1,43.9
2022-04-17,KXHIGHCHI,38.1,,,,37.3,37.5
2022-04-18,KXHIGHCHI,39.8,,,,38.2,39.7
2022-04-19,KXHIGHCHI,47.1,,,,39.3,40.6
2022-04-20,KXHIGHCHI,54.0,,,,49.8,48.1
2022-04-21,KXHIGHCHI,65.3,,,,57.8,68.5
2022-04-22,KXHIGHCHI,52.7,,,,52.6,54.6
2022-04-23,KXHIGHCHI,79.5,,,,64.3,83.0
2022-04-24,KXHIGHCHI,69.8,,,,61.8,70.4
2022-04-25,KXHIGHCHI,56.3,,,,53.7,54.1
2022-04-26,KXHIGHCHI,48.8,,,,43.5,49.2
2022-04-27,KXHIGHCHI,39.4,,,,39.1,37.5
2022-04-28,KXHIGHCHI,51.1,,,,45.2,44.6
2022-04-29,KXHIGHCHI,60.8,,,,50.6,55.9
2022-04-30,KXHIGHCHI,68.2,,,,58.9,60.4
2022-05-01,KXHIGHCHI,56.5,,,,54.7,56.9
2022-05-02,KXHIGHCHI,56.0,,,,47.8,50.1
2022-05-03,KXHIGHCHI,46.1,,,,43.3,45.2
2022-05-04,KXHIGHCHI,48.2,,,,41.3,47.4
2022-05-05,KXHIGHCHI,51.6,,,,45.1,47.8
2022-05-06,KXHIGHCHI,47.9,,,,45.3,46.5
2022-05-07,KXHIGHCHI,56.3,,,,45.3,57.3
2022-05-08,KXHIGHCHI,63.0,,,,52.6,59.8
2022-05-09,KXHIGHCHI,78.1,,,,61.7,79.3
2022-05-10,KXHIGHCHI,83.5,,,,66.9,88.5
2022-05-11,KXHIGHCHI,83.9,,,,62.7,83.9
2022-05-12,KXHIGHCHI,85.8,,,,66.6,87.9
2022-05-13,KXHIGHCHI,84.2,,,,65.5,84.2
2022-05-14,KXHIGHCHI,78.3,,,,62.7,76.7
2022-05-15,KXHIGHCHI,71.8,,,,58.8,73.6
2022-05-16,KXHIGHCHI,74.5,,,,65.5,79.0
2022-05-17,KXHIGHCHI,63.0,,,,48.2,62.8
2022-05-18,KXHIGHCHI,56.7,,,,48.9,56.9
2022-05-19,KXHIGHCHI,82.1,,,,64.9,84.9
2022-05-20,KXHIGHCHI,83.9,,,,69.7,87.2
2022-05-21,KXHIGHCHI,65.9,,,,56.6,60.9
2022-05-22,KXHIGHCHI,61.0,,,,52.5,59.6
2022-05-23,KXHIGHCHI,56.7,,,,47.6,58.4
2022-05-24,KXHIGHCHI,59.7,,,,50.7,61.4
2022-05-25,KXHIGHCHI,71.8,,,,63.5,69.5
2022-05-26,KXHIGHCHI,74.5,,,,62.5,75.1
2022-05-27,KXHIGHCHI,62.4,,,,54.4,61.4
2022-05-28,KXHIGHCHI,71.3,,,,59.7,70.2
2022-05-29,KXHIGHCHI,82.1,,,,66.2,84.9
2022-05-30,KXHIGHCHI,84.9,,,,69.8,89.7
2022-05-31,KXHIGHCHI,81.3,,,,71.4,88.4
2022-06-01,KXHIGHCHI,73.2,,,,67.6,75.9
2022-06-02,KXHIGHCHI,71.3,,,,61.4,71.8
2022-06-03,KXHIGHCHI,77.7,,,,68.5,82.7
2022-06-04,KXHIGHCHI,68.7,,,,57.7,62.9
2022-06-05,KXHIGHCHI,72.7,,,,61.8,67.3
2022-06-06,KXHIGHCHI,75.0,,,,65.1,74.7
2022-06-07,KXHIGHCHI,63.2,,,,52.5,61.5
2022-06-08,KXHIGHCHI,66.9,,,,56.9,63.6
2022-06-09,KXHIGHCHI,74.3,,,,66.5,77.4
2022-06-10,KXHIGHCHI,75.8,,,,67.2,78.2
2022-06-11,KXHIGHCHI,73.2,,,,64.9,74.1
2022-06-12,KXHIGHCHI,64.4,,,,61.7,65.8
2022-06-13,KXHIGHCHI,85.3,,,,73.5,75.4
2022-06-14,KXHIGHCHI,94.7,,,,76.0,99.0
2022-06-15,KXHIGHCHI,92.4,,,,76.8,96.6
2022-06-16,KXHIGHCHI,92.0,,,,78.0,95.4
2022-06-17,KXHIGHCHI,81.0,,,,69.8,79.8
2022-06-18,KXHIGHCHI,66.6,,,,57.3,66.6
2022-06-19,KXHIGHCHI,81.2,,,,68.9,76.4
2022-06-20,KXHIGHCHI,90.3,,,,75.4,96.3
2022-06-21,KXHIGHCHI,94.1,,,,79.5,98.3
2022-06-22,KXHIGHCHI,84.2,,,,74.2,85.2
2022-06-23,KXHIGHCHI,75.8,,,,66.0,75.6
2022-06-24,KXHIGHCHI,84.9,,,,71.8,82.9
2022-06-25,KXHIGHCHI,77.6,,,,70.5,77.7
2022-06-26,KXHIGHCHI,78.3,,,,69.1,82.4
2022-06-27,KXHIGHCHI,72.7,,,,63.6,72.1
2022-06-28,KXHIGHCHI,82.8,,,,71.8,83.7
2022-06-29,KXHIGHCHI,83.3,,,,71.1,80.5
2022-06-30,KXHIGHCHI,88.2,,,,75.8,91.6
2022-07-01,KXHIGHCHI,79.2,,,,70.7,79.2
2022-07-02,KXHIGHCHI,77.2,,,,66.6,77.8
2022-07-03,KXHIGHCHI,79.2,,,,67.6,79.7
2022-07-04,KXHIGHCHI,87.5,,,,75.1,87.8
2022-07-05,KXHIGHCHI,83.5,,,,73.7,83.5
2022-07-06,KXHIGHCHI,74.9,,,,63.6,72.4
2022-07-07,KXHIGHCHI,79.7,,,,67.3,78.4
2022-07-08,KXHIGHCHI,74.1,,,,62.7,72.9
2022-07-09,KXHIGHCHI,72.2,,,,61.8,72.8
2022-07-10,KXHIGHCHI,79.7,,,,68.3,77.6
2022-07-11,KXHIGHCHI,86.2,,,,74.4,83.6
2022-07-12,KXHIGHCHI,82.6,,,,72.6,82.2
2022-07-13,KXHIGHCHI,79.2,,,,72.4,78.5
2022-07-14,KXHIGHCHI,74.7,,,,63.6,75.6
2022-07-15,KXHIGHCHI,70.5,,,,66.1,70.6
2022-07-16,KXHIGHCHI,74.5,,,,64.6,70.0
2022-07-17,KXHIGHCHI,74.1,,,,64.8,70.9
2022-07-18,KXHIGHCHI,82.4,,,,76.5,80.7
2022-07-19,KXHIGHCHI,87.1,,,,78.6,87.8
2022-07-20,KXHIGHCHI,84.9,,,,78.6,87.0
2022-07-21,KXHIGHCHI,91.1,,,,80.1,91.0
2022-07-22,KXHIGHCHI,88.7,,,,78.0,90.1
2022-07-23,KXHIGHCHI,87.5,,,,76.1,86.1
2022-07-24,KXHIGHCHI,83.3,,,,74.8,85.9
2022-07-25,KXHIGHCHI,73.4,,,,69.4,75.3
2022-07-26,KXHIGHCHI,76.7,,,,69.5,76.9
2022-07-27,KXHIGHCHI,82.4,,,,74.6,83.8
2022-07-28,KXHIGHCHI,80.1,,,,73.6,81.9
2022-07-29,KXHIGHCHI,77.4,,,,70.6,77.5
2022-07-30,KXHIGHCHI,80.6,,,,72.9,78.8
2022-07-31,KXHIGHCHI,83.5,,,,74.0,82.9
2022-08-01,KXHIGHCHI,85.5,,,,76.1,86.8
2022-08-02,KXHIGHCHI,87.3,,,,75.2,88.6
2022-08-03,KXHIGHCHI,93.9,,,,78.0,91.5
2022-08-04,KXHIGHCHI,76.7,,,,72.3,79.9
2022-08-05,KXHIGHCHI,81.0,,,,71.7,80.3
2022-08-06,KXHIGHCHI,92.3,,,,78.9,91.8
2022-08-07,KXHIGHCHI,77.9,,,,76.2,80.6
2022-08-08,KXHIGHCHI,84.6,,,,76.7,79.5
2022-08-09,KXHIGHCHI,71.8,,,,65.3,72.3
2022-08-10,KXHIGHCHI,80.3,,,,72.6,79.8
2022-08-11,KXHIGHCHI,73.8,,,,71.4,75.4
2022-08-12,KXHIGHCHI,74.1,,,,67.6,74.9
2022-08-13,KXHIGHCHI,82.4,,,,71.6,77.9
2022-08-14,KXHIGHCHI,72.7,,,,69.3,72.3
2022-08-15,KXHIGHCHI,73.4,,,,67.3,74.6
2022-08-16,KXHIGHCHI,74.3,,,,67.7,76.1
2022-08-17,KXHIGHCHI,75.8,,,,67.2,77.1
2022-08-18,KXHIGHCHI,82.1,,,,72.7,79.8
2022-08-19,KXHIGHCHI,84.4,,,,75.0,84.1
2022-08-20,KXHIGHCHI,79.9,,,,70.2,73.4
2022-08-21,KXHIGHCHI,73.6,,,,68.0,72.7
2022-08-22,KXHIGHCHI,76.1,,,,68.5,77.8
2022-08-23,KXHIGHCHI,77.9,,,,73.4,79.7
2022-08-24,KXHIGHCHI,81.2,,,,73.4,81.3
2022-08-25,KXHIGHCHI,79.4,,,,72.2,80.9
2022-08-26,KXHIGHCHI,72.3,,,,66.3,72.0
2022-08-27,KXHIGHCHI,78.6,,,,68.5,76.2
2022-08-28,KXHIGHCHI,89.3,,,,74.5,87.9
2022-08-29,KXHIGHCHI,89.8,,,,75.6,83.9
2022-08-30,KXHIGHCHI,78.8,,,,72.2,80.7
2022-08-31,KXHIGHCHI,83.1,,,,75.3,84.8
2022-09-01,KXHIGHCHI,86.6,,,,76.3,88.8
2022-09-02,KXHIGHCHI,84.8,,,,74.2,85.2
2022-09-03,KXHIGHCHI,86.0,,,,73.1,83.1
2022-09-04,KXHIGHCHI,71.6,,,,66.2,70.5
2022-09-05,KXHIGHCHI,69.6,,,,64.6,66.8
2022-09-06,KXHIGHCHI,76.1,,,,65.4,72.2
2022-09-07,KXHIGHCHI,75.2,,,,67.3,75.9
2022-09-08,KXHIGHCHI,80.3,,,,69.0,79.5
2022-09-09,KXHIGHCHI,81.2,,,,71.7,80.0
2022-09-10,KXHIGHCHI,82.8,,,,72.4,80.5
2022-09-11,KXHIGHCHI,71.8,,,,64.9,68.4
2022-09-12,KXHIGHCHI,60.5,,,,60.0,61.9
2022-09-13,KXHIGHCHI,72.7,,,,66.4,72.5
2022-09-14,KXHIGHCHI,74.9,,,,64.7,72.0
2022-09-15,KXHIGHCHI,80.1,,,,70.0,80.8
2022-09-16,KXHIGHCHI,82.2,,,,71.3,82.2
2022-09-17,KXHIGHCHI,84.9,,,,73.1,85.6
2022-09-18,KXHIGHCHI,84.2,,,,70.5,84.0
2022-09-19,KXHIGHCHI,73.1,,,,69.6,70.6
2022-09-20,KXHIGHCHI,86.4,,,,74.1,82.3
2022-09-21,KXHIGHCHI,82.1,,,,73.2,84.8
2022-09-22,KXHIGHCHI,63.5,,,,63.2,61.7
2022-09-23,KXHIGHCHI,65.0,,,,59.6,59.8
2022-09-24,KXHIGHCHI,71.4,,,,63.2,70.5
2022-09-25,KXHIGHCHI,66.2,,,,62.9,63.3
2022-09-26,KXHIGHCHI,62.4,,,,60.3,61.5
2022-09-27,KXHIGHCHI,58.7,,,,57.4,58.9
2022-09-28,KXHIGHCHI,56.3,,,,53.3,57.3
2022-09-29,KXHIGHCHI,58.1,,,,56.9,57.9
2022-09-30,KXHIGHCHI,61.2,,,,58.2,62.3
2022-10-01,KXHIGHCHI,63.3,,,,58.6,64.6
2022-10-02,KXHIGHCHI,61.4,,,,58.5,62.8
2022-10-03,KXHIGHCHI,61.5,,,,57.8,62.1
2022-10-04,KXHIGHCHI,71.1,,,,60.6,67.7
2022-10-05,KXHIGHCHI,74.0,,,,65.0,74.8
2022-10-06,KXHIGHCHI,72.3,,,,63.4,74.4
2022-10-07,KXHIGHCHI,54.3,,,,51.3,51.1
2022-10-08,KXHIGHCHI,56.6,,,,54.4,56.9
2022-10-09,KXHIGHCHI,66.4,,,,61.0,67.2
2022-10-10,KXHIGHCHI,70.9,,,,57.6,69.1
2022-10-11,KXHIGHCHI,69.5,,,,64.5,69.5
2022-10-12,KXHIGHCHI,66.6,,,,63.7,63.1
2022-10-13,KXHIGHCHI,54.7,,,,52.1,52.8
2022-10-14,KXHIGHCHI,59.4,,,,53.9,59.3
2022-10-15,KXHIGHCHI,53.3,,,,52.3,51.9
2022-10-16,KXHIGHCHI,52.5,,,,51.9,52.5
2022-10-17,KXHIGHCHI,43.4,,,,45.1,40.0
2022-10-18,KXHIGHCHI,46.5,,,,45.4,44.0
2022-10-19,KXHIGHCHI,46.4,,,,45.1,47.3
2022-10-20,KXHIGHCHI,59.0,,,,54.8,60.3
2022-10-21,KXHIGHCHI,72.1,,,,63.6,75.0
2022-10-22,KXHIGHCHI,75.9,,,,64.0,78.1
2022-10-23,KXHIGHCHI,76.7,,,,65.0,77.1
2022-10-24,KXHIGHCHI,73.1,,,,64.8,74.4
2022-10-25,KXHIGHCHI,69.0,,,,63.7,66.4
2022-10-26,KXHIGHCHI,53.4,,,,49.8,51.5
2022-10-27,KXHIGHCHI,50.0,,,,49.7,50.0
2022-10-28,KXHIGHCHI,54.9,,,,50.6,54.5
2022-10-29,KXHIGHCHI,60.5,,,,52.9,58.6
2022-10-30,KXHIGHCHI,58.0,,,,53.4,57.3
2022-10-31,KXHIGHCHI,55.7,,,,52.5,55.5
2022-11-01,KXHIGHCHI,65.8,,,,58.1,67.8
2022-11-02,KXHIGHCHI,67.8,,,,57.9,70.7
2022-11-03,KXHIGHCHI,69.7,,,,60.2,72.0
2022-11-04,KXHIGHCHI,68.7,,,,62.6,66.0
2022-11-05,KXHIGHCHI,67.2,,,,62.4,63.5
2022-11-06,KXHIGHCHI,61.0,,,,55.8,60.0
2022-11-07,KXHIGHCHI,52.6,,,,51.8,50.0
2022-11-08,KXHIGHCHI,52.7,,,,50.0,51.8
2022-11-09,KXHIGHCHI,66.7,,,,56.1,67.6
2022-11-10,KXHIGHCHI,72.1,,,,62.6,74.4
2022-11-11,KXHIGHCHI,61.4,,,,57.3,59.4
2022-11-12,KXHIGHCHI,38.3,,,,37.2,34.6
2022-11-13,KXHIGHCHI,36.1,,,,36.0,34.8
2022-11-14,KXHIGHCHI,39.1,,,,39.0,39.4
2022-11-15,KXHIGHCHI,36.9,,,,38.0,36.6
2022-11-16,KXHIGHCHI,35.0,,34.8,,36.5,34.6
2022-11-17,KXHIGHCHI,33.1,,32.1,,35.1,31.3
2022-11-18,KXHIGHCHI,28.4,,28.8,,32.7,29.4
2022-11-19,KXHIGHCHI,27.4,,25.2,,30.6,26.2
2022-11-20,KXHIGHCHI,31.7,,30.5,,34.1,31.6
2022-11-21,KXHIGHCHI,45.7,,43.5,,40.9,45.7
2022-11-22,KXHIGHCHI,48.2,,48.6,37.4,41.6,51.3
2022-11-23,KXHIGHCHI,54.5,,57.1,56.7,47.1,58.8
2022-11-24,KXHIGHCHI,53.0,,52.0,52.2,47.4,53.8
2022-11-25,KXHIGHCHI,50.4,,50.5,51.7,46.0,51.6
2022-11-26,KXHIGHCHI,52.2,,53.3,54.1,47.2,54.8
2022-11-27,KXHIGHCHI,44.7,,45.3,45.6,43.7,42.9
2022-11-28,KXHIGHCHI,44.5,,44.7,45.4,42.3,43.8
2022-11-29,KXHIGHCHI,55.8,,54.9,57.2,52.9,57.1
2022-11-30,KXHIGHCHI,42.6,,39.3,39.8,37.8,38.4
2022-12-01,KXHIGHCHI,32.8,,32.9,33.7,34.8,35.0
2022-12-02,KXHIGHCHI,49.2,,49.5,51.6,50.3,50.5
2022-12-03,KXHIGHCHI,49.1,,49.1,49.3,49.8,49.4
2022-12-04,KXHIGHCHI,35.9,,37.2,37.4,35.4,39.0
2022-12-05,KXHIGHCHI,40.9,,41.0,43.0,41.3,42.0
2022-12-06,KXHIGHCHI,42.6,,42.8,44.6,41.3,41.3
2022-12-07,KXHIGHCHI,44.4,,45.0,46.8,40.7,42.1
2022-12-08,KXHIGHCHI,38.9,,39.8,41.3,38.4,38.4
2022-12-09,KXHIGHCHI,37.0,,35.2,36.7,38.7,36.4
2022-12-10,KXHIGHCHI,38.1,,37.9,39.6,39.4,37.3
2022-12-11,KXHIGHCHI,38.7,,39.1,40.0,39.3,37.5
2022-12-12,KXHIGHCHI,40.8,,39.8,41.2,38.1,39.4
2022-12-13,KXHIGHCHI,37.9,,36.6,36.5,38.7,35.3
2022-12-14,KXHIGHCHI,41.6,,39.1,44.3,41.8,40.9
2022-12-15,KXHIGHCHI,36.8,,36.2,37.8,39.4,37.3
2022-12-16,KXHIGHCHI,30.5,,29.9,30.0,33.1,30.4
2022-12-17,KXHIGHCHI,26.3,,25.4,24.9,28.3,24.3
2022-12-18,KXHIGHCHI,22.6,,21.7,19.0,25.2,21.1
2022-12-19,KXHIGHCHI,27.6,,24.0,20.6,27.8,25.0
2022-12-20,KXHIGHCHI,31.5,,32.8,31.8,31.8,31.7
2022-12-21,KXHIGHCHI,31.1,,30.0,29.3,33.0,30.5
2022-12-22,KXHIGHCHI,31.7,,30.5,31.7,34.2,32.4
2022-12-23,KXHIGHCHI,-1.4,,-3.0,-2.3,6.7,-2.9
2022-12-24,KXHIGHCHI,11.0,,11.2,12.5,16.8,11.6
2022-12-25,KXHIGHCHI,12.5,,12.5,11.9,20.1,13.2
2022-12-26,KXHIGHCHI,19.9,,19.7,19.4,23.8,20.8
2022-12-27,KXHIGHCHI,22.3,,22.8,22.5,28.5,23.8
2022-12-28,KXHIGHCHI,41.7,,42.3,41.7,43.9,41.7
2022-12-29,KXHIGHCHI,52.8,,57.4,57.9,49.9,54.8
2022-12-30,KXHIGHCHI,53.3,,55.0,57.7,50.1,54.6
2022-12-31,KXHIGHCHI,35.4,,34.2,39.3,37.5,35.6
2023-01-01,KXHIGHCHI,44.5,,45.4,47.3,40.3,44.2
2023-01-02,KXHIGHCHI,40.4,,39.7,41.3,38.6,39.3
2023-01-03,KXHIGHCHI,45.9,,48.7,54.0,43.7,43.5
2023-01-04,KXHIGHCHI,44.3,,46.4,53.5,41.8,44.0
2023-01-05,KXHIGHCHI,33.1,,32.5,33.3,34.1,32.4
2023-01-06,KXHIGHCHI,32.4,,32.0,33.6,33.6,31.9
2023-01-07,KXHIGHCHI,32.4,,30.2,32.9,32.1,31.8
2023-01-08,KXHIGHCHI,32.4,,33.5,34.2,32.4,32.1
2023-01-09,KXHIGHCHI,37.8,,39.5,41.3,37.0,41.4
2023-01-10,KXHIGHCHI,45.2,,46.9,49.1,39.9,44.8
2023-01-11,KXHIGHCHI,48.6,,49.1,53.0,43.8,48.3
2023-01-12,KXHIGHCHI,41.9,,42.0,41.3,38.8,42.0
2023-01-13,KXHIGHCHI,34.0,,33.5,34.4,34.9,34.5
2023-01-14,KXHIGHCHI,29.7,,31.9,32.2,30.9,29.1
2023-01-15,KXHIGHCHI,38.1,,39.7,42.7,38.4,40.7
2023-01-16,KXHIGHCHI,48.3,,45.4,50.3,45.6,47.8
2023-01-17,KXHIGHCHI,48.2,,47.1,50.8,46.0,47.7
2023-01-18,KXHIGHCHI,38.0,,37.5,39.7,36.1,37.2
2023-01-19,KXHIGHCHI,40.7,,42.3,41.0,39.3,40.3
2023-01-20,KXHIGHCHI,34.0,,33.5,34.4,34.2,33.9
2023-01-21,KXHIGHCHI,32.7,,30.8,31.1,30.9,30.0
2023-01-22,KXHIGHCHI,32.7,,31.1,33.2,32.2,31.9
2023-01-23,KXHIGHCHI,31.7,,30.1,27.5,31.2,29.6
2023-01-24,KXHIGHCHI,34.5,,34.3,34.0,34.5,34.4
2023-01-25,KXHIGHCHI,32.0,,32.7,32.4,34.3,33.0
2023-01-26,KXHIGHCHI,29.8,,30.0,30.3,32.5,31.2
2023-01-27,KXHIGHCHI,34.1,,33.4,34.0,37.5,32.7
2023-01-28,KXHIGHCHI,29.7,,29.2,28.6,31.3,29.4
2023-01-29,KXHIGHCHI,29.6,,29.0,30.0,31.5,30.3
2023-01-30,KXHIGHCHI,17.7,,17.5,17.6,23.7,18.3
2023-01-31,KXHIGHCHI,12.6,,11.8,10.3,14.5,13.5
2023-02-01,KXHIGHCHI,24.6,,26.9,23.4,25.4,26.0
2023-02-02,KXHIGHCHI,31.0,,33.0,31.3,31.4,31.0
2023-02-03,KXHIGHCHI,13.1,,12.8,9.4,14.4,11.7
2023-02-04,KXHIGHCHI,37.4,,35.4,38.5,37.6,41.2
2023-02-05,KXHIGHCHI,38.0,,40.7,41.4,37.6,42.1
2023-02-06,KXHIGHCHI,40.0,,39.9,42.3,39.3,39.3
2023-02-07,KXHIGHCHI,45.4,,42.0,49.0,44.0,48.2
2023-02-08,KXHIGHCHI,37.4,,40.0,43.1,35.9,36.6
2023-02-09,KXHIGHCHI,39.0,,43.0,44.5,38.9,44.4
2023-02-10,KXHIGHCHI,35.3,,35.3,35.3,33.9,36.9
2023-02-11,KXHIGHCHI,42.3,,43.9,43.1,36.1,47.5
2023-02-12,KXHIGHCHI,48.3,,51.3,48.9,40.2,52.6
2023-02-13,KXHIGHCHI,47.8,,48.9,51.3,40.7,51.9
2023-02-14,KXHIGHCHI,51.5,,53.3,55.9,44.8,54.7
2023-02-15,KXHIGHCHI,51.9,,50.4,50.9,45.7,49.7
2023-02-16,KXHIGHCHI,35.0,,35.1,36.3,32.4,34.8
2023-02-17,KXHIGHCHI,24.5,,25.4,24.1,26.8,25.2
2023-02-18,KXHIGHCHI,40.3,,41.8,44.7,39.2,44.7
2023-02-19,KXHIGHCHI,49.8,,48.8,49.9,44.1,51.7
2023-02-20,KXHIGHCHI,42.7,,41.6,43.3,38.7,37.6
2023-02-21,KXHIGHCHI,40.7,,38.1,40.4,39.1,36.6
2023-02-22,KXHIGHCHI,33.9,,32.4,35.3,33.0,33.5
2023-02-23,KXHIGHCHI,36.0,,41.4,44.9,37.5,42.0
2023-02-24,KXHIGHCHI,25.6,,25.6,25.7,25.9,26.7
2023-02-25,KXHIGHCHI,35.2,,36.4,33.0,34.6,36.6
2023-02-26,KXHIGHCHI,44.2,,47.4,43.3,35.9,44.1
2023-02-27,KXHIGHCHI,55.4,,56.7,57.2,48.1,55.3
2023-02-28,KXHIGHCHI,46.1,,48.3,46.0,37.1,44.7
2023-03-01,KXHIGHCHI,52.4,,54.5,56.5,43.9,53.7
2023-03-02,KXHIGHCHI,43.0,,40.8,40.0,40.1,37.5
2023-03-03,KXHIGHCHI,35.4,,35.5,36.0,34.1,35.7
2023-03-04,KXHIGHCHI,46.8,,47.9,47.6,41.5,48.6
2023-03-05,KXHIGHCHI,43.4,,45.3,41.5,37.5,42.7
2023-03-06,KXHIGHCHI,48.8,,48.8,44.8,42.0,47.4
2023-03-07,KXHIGHCHI,39.0,,41.4,39.8,35.2,41.6
2023-03-08,KXHIGHCHI,41.0,,42.0,40.5,35.0,40.8
2023-03-09,KXHIGHCHI,38.2,,37.3,37.6,35.2,38.0
2023-03-10,KXHIGHCHI,34.6,,35.3,35.6,34.1,34.9
2023-03-11,KXHIGHCHI,36.6,,37.5,39.0,33.4,36.3
2023-03-12,KXHIGHCHI,35.3,,37.6,36.9,34.8,34.5
2023-03-13,KXHIGHCHI,32.1,,30.5,32.0,30.3,31.1
2023-03-14,KXHIGHCHI,32.1,,34.5,32.9,27.4,31.6
2023-03-15,KXHIGHCHI,46.7,,46.3,48.7,39.9,49.1
2023-03-16,KXHIGHCHI,45.9,,46.4,47.5,42.9,45.6
2023-03-17,KXHIGHCHI,47.7,,47.4,48.2,42.9,47.6
2023-03-18,KXHIGHCHI,24.5,,25.0,22.7,24.5,23.5
2023-03-19,KXHIGHCHI,36.9,,37.9,39.3,33.1,39.6
2023-03-20,KXHIGHCHI,48.8,,50.4,48.4,43.9,50.1
2023-03-21,KXHIGHCHI,51.1,,52.3,51.3,42.2,53.2
2023-03-22,KXHIGHCHI,52.2,,50.6,53.9,42.5,48.1
2023-03-23,KXHIGHCHI,44.6,,46.1,46.1,39.8,44.2
2023-03-24,KXHIGHCHI,41.2,,41.0,41.3,35.6,41.3
2023-03-25,KXHIGHCHI,38.9,,42.5,41.3,36.9,39.8
2023-03-26,KXHIGHCHI,43.7,,46.2,41.4,34.0,43.8
2023-03-27,KXHIGHCHI,39.9,,42.0,41.0,32.8,41.2
2023-03-28,KXHIGHCHI,48.0,,50.1,43.9,37.8,49.2
2023-03-29,KXHIGHCHI,40.7,,39.6,37.3,38.2,39.1
2023-03-30,KXHIGHCHI,51.4,,50.2,47.9,46.0,46.2
2023-03-31,KXHIGHCHI,63.2,,67.9,69.5,54.3,67.2
2023-04-01,KXHIGHCHI,51.3,,56.0,50.0,51.6,50.4
2023-04-02,KXHIGHCHI,53.1,,52.1,52.6,45.6,53.7
2023-04-03,KXHIGHCHI,59.2,,57.0,53.4,45.9,56.5
2023-04-04,KXHIGHCHI,65.0,,64.9,59.5,57.2,61.6
2023-04-05,KXHIGHCHI,70.4,,70.3,68.6,59.8,71.7
2023-04-06,KXHIGHCHI,50.9,,51.4,51.9,44.8,52.4
2023-04-07,KXHIGHCHI,42.8,,46.6,43.0,40.5,43.5
2023-04-08,KXHIGHCHI,57.4,,61.1,55.7,44.1,55.6
2023-04-09,KXHIGHCHI,63.3,,66.9,65.7,49.8,64.9
2023-04-10,KXHIGHCHI,66.0,,69.7,68.7,52.1,67.7
2023-04-11,KXHIGHCHI,73.4,,77.2,75.4,60.9,78.4
2023-04-12,KXHIGHCHI,76.8,,80.3,78.1,62.5,82.4
2023-04-13,KXHIGHCHI,77.7,,81.9,79.4,61.7,83.3
2023-04-14,KXHIGHCHI,75.8,,80.5,70.3,61.8,75.7
2023-04-15,KXHIGHCHI,78.5,,81.4,80.3,62.9,81.4
2023-04-16,KXHIGHCHI,66.6,,67.5,69.0,57.8,67.6
2023-04-17,KXHIGHCHI,39.4,,39.8,38.5,38.7,37.4
2023-04-18,KXHIGHCHI,54.3,,56.2,56.5,41.2,55.7
2023-04-19,KXHIGHCHI,68.7,,60.6,59.7,43.5,56.8
2023-04-20,KXHIGHCHI,77.0,,76.3,76.8,62.8,79.3
2023-04-21,KXHIGHCHI,60.6,,61.2,60.1,52.5,61.8
2023-04-22,KXHIGHCHI,46.6,,46.1,45.7,44.8,44.1
2023-04-23,KXHIGHCHI,42.3,,42.4,41.8,40.2,41.3
2023-04-24,KXHIGHCHI,49.5,,50.3,49.0,42.9,47.7
2023-04-25,KXHIGHCHI,44.1,,43.6,44.1,42.1,40.9
2023-04-26,KXHIGHCHI,44.3,,47.9,45.7,39.3,45.7
2023-04-27,KXHIGHCHI,60.5,,64.3,60.1,45.7,59.7
2023-04-28,KXHIGHCHI,53.8,,55.1,51.3,45.7,53.8
2023-04-29,KXHIGHCHI,58.3,,58.0,56.0,48.5,55.5
2023-04-30,KXHIGHCHI,46.8,,47.5,46.9,44.9,44.7
2023-05-01,KXHIGHCHI,44.8,,46.6,45.6,45.6,44.6
2023-05-02,KXHIGHCHI,48.6,,53.3,51.7,46.6,51.0
2023-05-03,KXHIGHCHI,47.7,,55.4,47.1,42.5,46.5
2023-05-04,KXHIGHCHI,65.3,,69.5,65.1,50.7,62.7
2023-05-05,KXHIGHCHI,72.5,,75.9,74.1,57.3,74.7
2023-05-06,KXHIGHCHI,70.5,,73.6,72.6,56.5,69.1
2023-05-07,KXHIGHCHI,74.7,,81.6,77.2,58.2,77.0
2023-05-08,KXHIGHCHI,51.6,,54.3,57.3,50.2,57.6
2023-05-09,KXHIGHCHI,59.4,,63.1,54.6,45.8,62.2
2023-05-10,KXHIGHCHI,70.5,,75.4,65.5,53.1,68.4
2023-05-11,KXHIGHCHI,75.0,,81.2,73.1,59.6,76.1
2023-05-12,KXHIGHCHI,69.1,,76.7,70.2,59.0,65.4
2023-05-13,KXHIGHCHI,62.1,,61.6,60.9,49.6,60.2
2023-05-14,KXHIGHCHI,55.1,,57.8,56.5,51.2,58.8
2023-05-15,KXHIGHCHI,59.2,,61.9,57.7,50.6,60.8
2023-05-16,KXHIGHCHI,75.6,,79.2,76.3,63.1,80.1
2023-05-17,KXHIGHCHI,55.2,,57.4,54.4,46.6,54.9
2023-05-18,KXHIGHCHI,67.3,,71.7,64.6,57.1,65.0
2023-05-19,KXHIGHCHI,72.9,,73.1,73.2,60.6,74.1
2023-05-20,KXHIGHCHI,59.9,,66.4,60.1,54.0,60.0
2023-05-21,KXHIGHCHI,73.6,,77.6,73.3,61.3,76.5
2023-05-22,KXHIGHCHI,71.4,,78.0,68.6,60.4,71.1
2023-05-23,KXHIGHCHI,75.2,,82.1,71.8,62.8,77.9
2023-05-24,KXHIGHCHI,63.5,,64.2,58.5,62.7,59.0
2023-05-25,KXHIGHCHI,55.2,,56.2,54.8,50.1,56.1
2023-05-26,KXHIGHCHI,60.8,,63.6,59.5,51.1,62.7
2023-05-27,KXHIGHCHI,65.7,,68.0,64.5,56.2,66.7
2023-05-28,KXHIGHCHI,68.4,,73.7,68.4,57.7,72.2
2023-05-29,KXHIGHCHI,72.2,,75.9,69.1,59.4,73.5
2023-05-30,KXHIGHCHI,75.2,,82.1,72.7,64.3,78.3
2023-05-31,KXHIGHCHI,81.9,,87.7,82.3,67.2,88.0
2023-06-01,KXHIGHCHI,82.2,,85.9,84.3,63.9,82.7
2023-06-02,KXHIGHCHI,79.7,,85.7,75.9,56.6,79.5
2023-06-03,KXHIGHCHI,77.4,,79.6,76.9,56.0,82.3
2023-06-04,KXHIGHCHI,70.4,,73.7,69.2,57.0,72.4
2023-06-05,KXHIGHCHI,74.5,,78.9,74.1,61.5,74.9
2023-06-06,KXHIGHCHI,67.5,,69.6,67.3,59.7,69.9
2023-06-07,KXHIGHCHI,66.8,,69.2,65.8,55.3,67.7
2023-06-08,KXHIGHCHI,66.2,,69.3,65.5,55.6,69.4
2023-06-09,KXHIGHCHI,70.2,,74.9,71.0,61.7,71.0
2023-06-10,KXHIGHCHI,81.2,,83.1,83.4,71.6,84.5
2023-06-11,KXHIGHCHI,64.6,,66.9,63.0,56.2,64.9
2023-06-12,KXHIGHCHI,65.7,,67.4,66.5,59.2,66.6
2023-06-13,KXHIGHCHI,61.2,,65.3,63.7,60.5,62.9
2023-06-14,KXHIGHCHI,66.8,,69.6,64.6,59.2,64.1
2023-06-15,KXHIGHCHI,75.9,,77.7,78.9,61.7,76.1
2023-06-16,KXHIGHCHI,62.3,,62.0,61.7,56.8,60.4
2023-06-17,KXHIGHCHI,70.2,,75.4,74.7,60.8,69.0
2023-06-18,KXHIGHCHI,78.6,,81.7,82.1,64.5,78.0
2023-06-19,KXHIGHCHI,76.7,,78.8,75.6,62.7,77.3
2023-06-20,KXHIGHCHI,75.6,,76.3,72.7,64.7,74.0
2023-06-21,KXHIGHCHI,79.0,,81.4,78.5,65.9,79.7
2023-06-22,KXHIGHCHI,77.0,,79.4,75.1,62.9,76.0
2023-06-23,KXHIGHCHI,76.3,,79.4,74.5,62.3,79.5
2023-06-24,KXHIGHCHI,82.6,,86.9,78.9,67.2,79.3
2023-06-25,KXHIGHCHI,85.5,,85.0,84.0,72.6,81.3
2023-06-26,KXHIGHCHI,72.3,,73.2,71.3,66.1,69.9
2023-06-27,KXHIGHCHI,67.7,,70.6,70.0,62.2,70.0
2023-06-28,KXHIGHCHI,77.2,,78.6,74.3,66.0,75.8
2023-06-29,KXHIGHCHI,86.0,,85.8,84.2,72.6,85.1
2023-06-30,KXHIGHCHI,88.0,,87.6,89.0,74.4,91.5
2023-07-01,KXHIGHCHI,75.0,,80.4,81.3,70.5,84.3
2023-07-02,KXHIGHCHI,68.2,,71.9,71.5,63.5,69.0
2023-07-03,KXHIGHCHI,75.9,,81.9,76.9,66.5,77.2
2023-07-04,KXHIGHCHI,88.0,,88.4,85.7,74.1,82.2
2023-07-05,KXHIGHCHI,88.5,,89.7,86.1,74.2,83.4
2023-07-06,KXHIGHCHI,74.0,,75.5,73.0,67.1,71.7
2023-07-07,KXHIGHCHI,74.9,,76.6,74.6,65.6,71.7
2023-07-08,KXHIGHCHI,68.7,,70.4,70.0,65.4,69.2
2023-07-09,KXHIGHCHI,79.9,,80.4,77.7,69.9,77.8
2023-07-10,KXHIGHCHI,83.9,,85.1,85.4,76.0,84.3
2023-07-11,KXHIGHCHI,83.5,,84.7,83.8,72.7,84.3
2023-07-12,KXHIGHCHI,71.3,,73.7,74.8,72.2,73.5
2023-07-13,KXHIGHCHI,72.5,,73.2,71.7,68.6,70.2
2023-07-14,KXHIGHCHI,87.1,,89.6,89.4,76.1,86.2
2023-07-15,KXHIGHCHI,83.5,,84.9,83.3,74.0,82.0
2023-07-16,KXHIGHCHI,80.3,,81.4,82.5,74.8,82.7
2023-07-17,KXHIGHCHI,77.0,,77.8,77.2,71.2,75.5
2023-07-18,KXHIGHCHI,73.8,,77.2,74.5,68.9,73.8
2023-07-19,KXHIGHCHI,81.2,,82.3,78.3,71.1,75.7
2023-07-20,KXHIGHCHI,86.0,,86.0,86.6,75.8,87.7
2023-07-21,KXHIGHCHI,74.5,,76.4,75.3,69.0,77.7
2023-07-22,KXHIGHCHI,83.0,,83.3,81.7,74.6,83.3
2023-07-23,KXHIGHCHI,82.8,,83.3,77.2,71.4,79.9
2023-07-24,KXHIGHCHI,82.1,,84.6,83.4,74.9,80.2
2023-07-25,KXHIGHCHI,87.5,,88.6,92.2,75.2,85.4
2023-07-26,KXHIGHCHI,90.9,,87.5,92.0,78.3,85.2
2023-07-27,KXHIGHCHI,84.8,,86.5,95.5,74.1,84.3
2023-07-28,KXHIGHCHI,94.5,,93.1,93.2,78.7,88.9
2023-07-29,KXHIGHCHI,76.3,,79.1,76.0,70.1,76.2
2023-07-30,KXHIGHCHI,75.8,,76.4,76.8,68.8,75.4
2023-07-31,KXHIGHCHI,77.6,,81.1,78.2,70.5,79.1
2023-08-01,KXHIGHCHI,82.6,,83.4,83.7,73.5,81.7
2023-08-02,KXHIGHCHI,84.2,,83.4,86.4,74.2,84.0
2023-08-03,KXHIGHCHI,83.0,,86.8,82.2,75.6,82.5
2023-08-04,KXHIGHCHI,79.7,,80.4,79.9,73.7,80.9
2023-08-05,KXHIGHCHI,71.8,,73.9,73.6,69.6,74.5
2023-08-06,KXHIGHCHI,69.8,,71.3,71.5,66.5,67.8
2023-08-07,KXHIGHCHI,73.6,,74.3,74.1,69.2,74.2
2023-08-08,KXHIGHCHI,83.7,,82.1,83.9,72.9,84.6
2023-08-09,KXHIGHCHI,81.5,,78.7,82.1,74.4,81.4
2023-08-10,KXHIGHCHI,83.1,,82.2,84.0,75.0,81.2
2023-08-11,KXHIGHCHI,84.6,,83.8,84.3,76.3,84.8
2023-08-12,KXHIGHCHI,82.8,,84.5,78.9,74.5,81.1
2023-08-13,KXHIGHCHI,78.6,,78.1,76.3,73.6,74.3
2023-08-14,KXHIGHCHI,78.8,,73.3,72.8,68.7,73.1
2023-08-15,KXHIGHCHI,72.0,,73.4,68.2,68.6,70.8
2023-08-16,KXHIGHCHI,80.3,,80.7,79.7,73.8,81.3
2023-08-17,KXHIGHCHI,78.3,,76.9,81.5,70.8,78.3
2023-08-18,KXHIGHCHI,74.7,,76.5,78.4,68.0,73.7
2023-08-19,KXHIGHCHI,83.1,,81.2,84.0,72.0,82.6
2023-08-20,KXHIGHCHI,82.8,,86.6,96.2,75.4,83.1
2023-08-21,KXHIGHCHI,75.6,,77.5,84.8,70.4,74.3
2023-08-22,KXHIGHCHI,82.6,,84.2,79.1,73.1,80.5
2023-08-23,KXHIGHCHI,99.3,,96.9,,81.6,98.0
2023-08-24,KXHIGHCHI,101.3,,99.1,,82.0,99.9
2023-08-25,KXHIGHCHI,76.3,,76.4,,68.6,73.6
2023-08-26,KXHIGHCHI,73.2,,74.9,,68.1,70.8
2023-08-27,KXHIGHCHI,70.5,,71.3,,67.9,70.2
2023-08-28,KXHIGHCHI,74.0,,75.9,,67.9,73.2
2023-08-29,KXHIGHCHI,84.0,,81.4,,72.0,84.0
2023-08-30,KXHIGHCHI,67.5,,67.1,,64.1,66.3
2023-08-31,KXHIGHCHI,71.6,,72.6,,66.7,71.3
2023-09-01,KXHIGHCHI,81.3,,81.9,,70.4,77.6
2023-09-02,KXHIGHCHI,87.6,,85.3,,75.1,86.2
2023-09-03,KXHIGHCHI,91.4,,91.6,,77.2,91.8
2023-09-04,KXHIGHCHI,91.1,,90.2,,75.6,90.3
2023-09-05,KXHIGHCHI,90.5,,89.1,,76.2,88.8
2023-09-06,KXHIGHCHI,86.0,,82.2,71.4,74.2,76.0
2023-09-07,KXHIGHCHI,71.4,,69.7,70.0,67.9,67.6
2023-09-08,KXHIGHCHI,65.5,,64.5,64.3,62.5,63.8
2023-09-09,KXHIGHCHI,70.0,,70.6,70.0,64.8,68.1
2023-09-10,KXHIGHCHI,76.5,,78.0,73.6,67.1,72.6
2023-09-11,KXHIGHCHI,68.0,,66.5,67.9,67.0,65.0
2023-09-12,KXHIGHCHI,65.7,,67.7,66.4,62.7,64.6
2023-09-13,KXHIGHCHI,66.9,,65.5,64.8,61.6,62.9
2023-09-14,KXHIGHCHI,66.9,,68.9,68.3,64.4,66.7
2023-09-15,KXHIGHCHI,75.6,,75.1,72.7,66.2,71.8
2023-09-16,KXHIGHCHI,70.5,,69.5,70.3,66.3,69.4
2023-09-17,KXHIGHCHI,63.0,,63.5,65.9,63.3,63.8
2023-09-18,KXHIGHCHI,67.1,,69.3,67.5,61.8,66.2
2023-09-19,KXHIGHCHI,65.3,,65.2,65.9,67.1,63.6
2023-09-20,KXHIGHCHI,78.0,,78.2,79.0,69.1,76.8
2023-09-21,KXHIGHCHI,77.2,,73.6,70.5,67.3,70.8
2023-09-22,KXHIGHCHI,78.1,,79.1,73.8,67.0,71.3
2023-09-23,KXHIGHCHI,74.3,,74.1,73.3,66.3,73.0
2023-09-24,KXHIGHCHI,74.3,,75.5,72.1,64.8,72.3
2023-09-25,KXHIGHCHI,72.5,,71.7,70.8,64.5,68.6
2023-09-26,KXHIGHCHI,70.4,,71.3,69.9,64.1,68.0
2023-09-27,KXHIGHCHI,66.0,,66.3,66.9,63.6,65.7
2023-09-28,KXHIGHCHI,66.9,,67.1,67.6,62.1,65.2
2023-09-29,KXHIGHCHI,70.9,,70.9,70.1,61.5,67.7
2023-09-30,KXHIGHCHI,78.8,,80.1,75.5,65.7,75.3
2023-10-01,KXHIGHCHI,80.6,,81.8,75.7,66.2,75.2
2023-10-02,KXHIGHCHI,81.5,,83.1,79.1,68.5,80.6
2023-10-03,KXHIGHCHI,83.9,,83.9,83.6,70.0,80.8
2023-10-04,KXHIGHCHI,82.2,,83.2,83.2,70.8,84.0
2023-10-05,KXHIGHCHI,70.4,,69.5,72.6,65.7,68.0
2023-10-06,KXHIGHCHI,64.2,,61.7,59.9,61.8,58.2
2023-10-07,KXHIGHCHI,57.6,,55.8,57.5,54.7,57.4
2023-10-08,KXHIGHCHI,55.1,,54.1,55.4,52.4,53.7
2023-10-09,KXHIGHCHI,55.9,,56.2,56.0,54.6,56.2
2023-10-10,KXHIGHCHI,60.5,,57.9,58.7,57.7,61.6
2023-10-11,KXHIGHCHI,63.9,,64.4,64.8,56.4,63.2
2023-10-12,KXHIGHCHI,58.7,,58.7,58.4,57.0,57.2
2023-10-13,KXHIGHCHI,57.3,,57.0,57.9,56.9,56.0
2023-10-14,KXHIGHCHI,54.3,,54.7,55.6,53.5,53.4
2023-10-15,KXHIGHCHI,56.3,,55.1,56.5,53.0,54.0
2023-10-16,KXHIGHCHI,53.1,,54.7,52.5,51.8,50.0
2023-10-17,KXHIGHCHI,60.6,,58.7,61.6,56.0,58.6
2023-10-18,KXHIGHCHI,64.6,,65.0,65.3,59.6,61.0
2023-10-19,KXHIGHCHI,59.0,,58.1,58.0,56.4,57.0
2023-10-20,KXHIGHCHI,57.2,,56.8,59.6,54.6,54.5
2023-10-21,KXHIGHCHI,62.6,,61.9,62.3,55.9,61.3
2023-10-22,KXHIGHCHI,54.2,,54.2,53.7,49.2,52.8
2023-10-23,KXHIGHCHI,64.2,,62.5,63.3,58.4,64.1
2023-10-24,KXHIGHCHI,78.3,,79.4,77.8,65.1,79.4
2023-10-25,KXHIGHCHI,68.3,,67.4,67.5,62.7,62.9
2023-10-26,KXHIGHCHI,67.3,,68.2,70.3,62.7,67.3
2023-10-27,KXHIGHCHI,66.6,,69.9,69.2,63.0,67.0
2023-10-28,KXHIGHCHI,49.2,,49.0,49.9,47.6,47.4
2023-10-29,KXHIGHCHI,49.5,,49.7,50.0,47.0,48.5
2023-10-30,KXHIGHCHI,40.7,,40.5,41.3,39.8,40.6
2023-10-31,KXHIGHCHI,36.4,,34.6,35.1,39.2,33.8
2023-11-01,KXHIGHCHI,40.8,,40.3,40.7,41.2,38.9
2023-11-02,KXHIGHCHI,52.4,,52.5,52.1,50.5,52.5
2023-11-03,KXHIGHCHI,55.7,,56.1,55.4,53.8,55.3
2023-11-04,KXHIGHCHI,52.5,,55.4,54.7,51.1,53.7
2023-11-05,KXHIGHCHI,57.9,,58.7,59.1,52.4,58.6
2023-11-06,KXHIGHCHI,66.4,,66.9,68.8,59.1,68.4
2023-11-07,KXHIGHCHI,56.6,,53.7,56.5,54.7,53.2
2023-11-08,KXHIGHCHI,54.7,,53.9,57.1,49.9,52.8
2023-11-09,KXHIGHCHI,54.7,,54.5,54.9,50.1,55.9
2023-11-10,KXHIGHCHI,49.6,,46.0,46.6,47.7,44.7
2023-11-11,KXHIGHCHI,49.7,,49.7,50.2,45.4,49.2
2023-11-12,KXHIGHCHI,55.1,,54.7,55.1,49.5,55.9
2023-11-13,KXHIGHCHI,59.6,,60.8,60.1,52.4,61.8
2023-11-14,KXHIGHCHI,59.2,,60.3,58.7,50.6,60.9
2023-11-15,KXHIGHCHI,61.4,,63.2,62.0,53.6,64.2
2023-11-16,KXHIGHCHI,62.3,,63.7,64.2,55.3,65.1
2023-11-17,KXHIGHCHI,59.6,,59.6,60.6,55.1,58.5
2023-11-18,KXHIGHCHI,51.0,,50.3,50.6,46.9,50.9
2023-11-19,KXHIGHCHI,49.9,,51.9,51.1,44.1,49.6
2023-11-20,KXHIGHCHI,47.6,,46.0,48.3,44.7,46.0
2023-11-21,KXHIGHCHI,43.4,,43.4,43.2,41.0,42.8
2023-11-22,KXHIGHCHI,44.7,,44.3,45.6,41.6,42.5
2023-11-23,KXHIGHCHI,43.8,,45.0,44.9,40.1,44.3
2023-11-24,KXHIGHCHI,39.7,,36.2,41.4,39.1,34.2
2023-11-25,KXHIGHCHI,36.2,,35.3,35.5,35.6,34.0
2023-11-26,KXHIGHCHI,33.9,,31.9,32.1,35.7,31.5
2023-11-27,KXHIGHCHI,28.1,,28.8,28.6,32.1,26.9
2023-11-28,KXHIGHCHI,23.3,,22.8,23.9,25.7,23.3
2023-11-29,KXHIGHCHI,38.0,,38.8,40.8,37.2,37.9
2023-11-30,KXHIGHCHI,49.5,,51.5,50.2,44.8,49.2
2023-12-01,KXHIGHCHI,43.0,,43.3,44.9,41.3,43.2
2023-12-02,KXHIGHCHI,42.0,,42.0,42.3,39.0,41.7
2023-12-03,KXHIGHCHI,40.5,,39.5,40.4,39.1,38.9
2023-12-04,KXHIGHCHI,39.9,,39.7,40.8,36.8,38.4
2023-12-05,KXHIGHCHI,39.5,,38.9,40.0,37.1,37.9
2023-12-06,KXHIGHCHI,37.0,,38.8,38.6,38.7,35.8
2023-12-07,KXHIGHCHI,48.5,,50.0,50.0,45.2,48.3
2023-12-08,KXHIGHCHI,53.1,,54.9,55.4,48.1,52.7
2023-12-09,KXHIGHCHI,53.7,,53.0,52.7,48.3,52.8
2023-12-10,KXHIGHCHI,35.0,,35.0,35.9,35.7,33.9
2023-12-11,KXHIGHCHI,34.4,,33.5,34.5,34.7,33.3
2023-12-12,KXHIGHCHI,36.3,,36.5,37.6,34.9,36.2
2023-12-13,KXHIGHCHI,38.9,,40.7,39.9,35.8,40.6
2023-12-14,KXHIGHCHI,46.5,,50.0,48.5,41.0,50.1
2023-12-15,KXHIGHCHI,49.0,,51.8,52.2,42.2,52.1
2023-12-16,KXHIGHCHI,44.0,,42.5,44.3,40.5,43.8
2023-12-17,KXHIGHCHI,42.9,,42.9,44.8,41.0,42.2
2023-12-18,KXHIGHCHI,37.2,,35.4,36.0,36.6,34.9
2023-12-19,KXHIGHCHI,31.5,,30.8,31.5,32.1,30.0
2023-12-20,KXHIGHCHI,38.5,,41.8,41.8,36.6,40.0
2023-12-21,KXHIGHCHI,41.6,,42.8,43.9,38.9,41.6
2023-12-22,KXHIGHCHI,43.7,,43.8,45.8,40.1,42.6
2023-12-23,KXHIGHCHI,45.2,,46.7,46.6,41.4,45.1
2023-12-24,KXHIGHCHI,52.8,,55.0,52.9,43.3,51.0
2023-12-25,KXHIGHCHI,53.3,,52.9,52.0,45.4,50.6
2023-12-26,KXHIGHCHI,50.9,,51.5,51.9,45.4,50.8
2023-12-27,KXHIGHCHI,40.5,,41.4,41.1,36.1,41.1
2023-12-28,KXHIGHCHI,40.8,,39.5,41.3,35.4,40.6
2023-12-29,KXHIGHCHI,40.5,,41.9,41.9,35.7,40.4
2023-12-30,KXHIGHCHI,38.0,,34.4,37.0,35.6,35.4
2023-12-31,KXHIGHCHI,35.1,,34.5,36.6,33.5,34.3
2024-01-01,KXHIGHCHI,32.7,,31.5,33.2,31.3,31.6
2024-01-02,KXHIGHCHI,34.5,,34.0,36.7,32.8,36.3
2024-01-03,KXHIGHCHI,33.7,,34.2,34.0,32.9,33.1
2024-01-04,KXHIGHCHI,33.5,,34.1,34.9,32.0,33.5
2024-01-05,KXHIGHCHI,34.1,,35.9,35.8,32.2,34.5
2024-01-06,KXHIGHCHI,33.5,,33.7,34.9,31.7,32.1
2024-01-07,KXHIGHCHI,34.2,,34.6,35.1,31.7,32.9
2024-01-08,KXHIGHCHI,35.8,,35.5,36.2,33.3,34.7
2024-01-09,KXHIGHCHI,34.4,,35.2,37.2,33.6,34.6
2024-01-10,KXHIGHCHI,32.2,,32.9,34.4,32.3,32.0
2024-01-11,KXHIGHCHI,31.3,,33.3,34.6,31.9,32.6
2024-01-12,KXHIGHCHI,33.7,,33.0,36.8,33.9,35.4
2024-01-13,KXHIGHCHI,31.7,,32.1,33.4,32.7,31.7
2024-01-14,KXHIGHCHI,1.9,,1.1,2.6,9.3,2.4
2024-01-15,KXHIGHCHI,2.2,,2.2,4.3,6.6,2.4
2024-01-16,KXHIGHCHI,2.4,,2.6,3.2,8.6,1.5
2024-01-17,KXHIGHCHI,18.2,,18.9,17.3,21.8,18.6
2024-01-18,KXHIGHCHI,22.7,,24.5,24.3,22.8,24.2
2024-01-19,KXHIGHCHI,12.6,,12.8,13.3,17.9,14.0
2024-01-20,KXHIGHCHI,16.5,,18.4,19.6,17.4,17.6
2024-01-21,KXHIGHCHI,18.2,,19.6,20.5,23.4,19.5
2024-01-22,KXHIGHCHI,31.2,,32.0,32.9,31.7,31.7
2024-01-23,KXHIGHCHI,31.8,,33.2,34.5,33.0,34.4
2024-01-24,KXHIGHCHI,33.6,,36.3,36.8,33.3,36.5
2024-01-25,KXHIGHCHI,34.5,,38.9,38.7,34.4,38.0
2024-01-26,KXHIGHCHI,34.2,,36.9,38.3,33.9,39.4
2024-01-27,KXHIGHCHI,36.1,,36.4,38.5,32.8,38.6
2024-01-28,KXHIGHCHI,37.6,,37.4,36.5,32.9,38.5
2024-01-29,KXHIGHCHI,40.4,,40.3,40.9,35.2,36.1
2024-01-30,KXHIGHCHI,38.1,,39.3,39.3,34.8,39.0
2024-01-31,KXHIGHCHI,41.3,,41.3,42.4,36.5,38.5
2024-02-01,KXHIGHCHI,47.6,,51.1,49.3,37.5,49.4
2024-02-02,KXHIGHCHI,38.5,31.4,38.8,38.6,32.0,37.2
2024-02-03,KXHIGHCHI,37.9,36.2,37.3,34.8,31.7,32.5
2024-02-04,KXHIGHCHI,39.9,36.9,40.4,38.1,31.3,39.0
2024-02-05,KXHIGHCHI,38.1,36.2,37.1,36.6,29.9,36.0
2024-02-06,KXHIGHCHI,42.8,43.1,43.6,39.7,32.1,39.3
2024-02-07,KXHIGHCHI,44.8,43.2,47.0,46.1,36.6,43.8
2024-02-08,KXHIGHCHI,55.5,56.3,58.6,57.3,46.0,55.5
2024-02-09,KXHIGHCHI,54.1,53.6,55.7,54.7,46.0,54.2
2024-02-10,KXHIGHCHI,41.9,39.3,39.7,41.1,36.6,39.7
2024-02-11,KXHIGHCHI,38.2,37.4,39.6,38.0,31.2,36.6
2024-02-12,KXHIGHCHI,42.5,42.3,43.8,44.1,36.7,43.7
2024-02-13,KXHIGHCHI,38.4,37.7,39.7,39.1,32.2,36.4
2024-02-14,KXHIGHCHI,42.7,42.3,45.5,42.1,32.8,41.9
2024-02-15,KXHIGHCHI,42.7,40.5,41.6,41.3,37.4,42.0
2024-02-16,KXHIGHCHI,31.6,29.4,30.8,31.8,30.0,30.3
2024-02-17,KXHIGHCHI,27.3,33.9,26.5,27.3,24.6,26.6
2024-02-18,KXHIGHCHI,40.0,42.6,42.8,43.1,34.7,43.6
2024-02-19,KXHIGHCHI,45.2,46.4,48.9,46.8,36.9,47.4
2024-02-20,KXHIGHCHI,52.5,53.2,56.9,54.1,41.7,55.9
2024-02-21,KXHIGHCHI,59.2,59.7,63.1,61.4,49.1,63.6
2024-02-22,KXHIGHCHI,50.3,50.1,53.1,48.0,41.7,49.7
2024-02-23,KXHIGHCHI,47.5,45.8,48.4,45.5,38.2,48.1
2024-02-24,KXHIGHCHI,32.3,30.5,33.9,32.3,28.1,29.5
2024-02-25,KXHIGHCHI,54.0,54.5,57.9,55.0,46.8,58.9
2024-02-26,KXHIGHCHI,63.8,63.3,68.6,64.0,49.2,69.3
2024-02-27,KXHIGHCHI,67.2,68.9,72.7,70.2,52.2,70.2
2024-02-28,KXHIGHCHI,56.1,50.1,56.8,54.7,45.4,52.8
2024-02-29,KXHIGHCHI,40.9,41.2,41.2,41.1,35.6,43.0
2024-03-01,KXHIGHCHI,44.1,42.9,44.8,43.6,37.6,44.1
2024-03-02,KXHIGHCHI,54.5,54.4,56.5,56.1,39.7,56.2
2024-03-03,KXHIGHCHI,65.3,65.2,70.1,66.4,48.9,70.6
2024-03-04,KXHIGHCHI,67.7,67.9,73.9,70.7,51.9,66.9
2024-03-05,KXHIGHCHI,47.0,46.2,60.7,42.1,43.9,41.8
2024-03-06,KXHIGHCHI,42.8,41.4,44.5,43.2,34.8,43.8
2024-03-07,KXHIGHCHI,44.7,43.0,48.2,43.4,35.8,42.9
2024-03-08,KXHIGHCHI,43.0,41.2,42.2,41.5,36.8,42.0
2024-03-09,KXHIGHCHI,43.4,43.1,44.2,44.1,36.1,43.1
2024-03-10,KXHIGHCHI,42.8,43.8,44.6,45.5,34.4,43.1
2024-03-11,KXHIGHCHI,61.9,61.2,65.1,61.6,51.5,66.3
2024-03-12,KXHIGHCHI,65.9,65.6,69.3,67.2,52.4,70.5
2024-03-13,KXHIGHCHI,57.2,56.7,60.9,57.8,48.3,58.6
2024-03-14,KXHIGHCHI,56.1,54.5,62.1,60.1,44.9,54.7
2024-03-15,KXHIGHCHI,43.7,42.8,47.4,42.8,34.0,42.4
2024-03-16,KXHIGHCHI,56.1,56.4,57.0,56.5,47.2,57.2
2024-03-17,KXHIGHCHI,41.6,40.6,39.9,40.8,38.1,38.4
2024-03-18,KXHIGHCHI,35.6,34.1,35.4,34.3,31.3,34.0
2024-03-19,KXHIGHCHI,52.2,53.2,54.2,55.4,44.6,55.3
2024-03-20,KXHIGHCHI,45.8,38.2,43.9,46.6,40.5,37.3
2024-03-21,KXHIGHCHI,36.7,35.7,38.6,37.1,30.3,35.4
2024-03-22,KXHIGHCHI,38.0,36.3,37.1,36.7,32.5,34.7
2024-03-23,KXHIGHCHI,34.7,33.5,35.3,36.3,29.9,35.4
2024-03-24,KXHIGHCHI,45.2,41.2,43.2,43.1,38.5,42.9
2024-03-25,KXHIGHCHI,59.9,55.0,60.0,64.1,49.1,62.2
2024-03-26,KXHIGHCHI,52.5,52.0,54.8,55.4,45.8,52.3
2024-03-27,KXHIGHCHI,41.9,41.4,41.2,41.6,37.4,41.1
2024-03-28,KXHIGHCHI,48.8,48.2,50.5,50.1,42.1,49.8
2024-03-29,KXHIGHCHI,45.2,43.5,47.9,44.7,39.2,45.6
2024-03-30,KXHIGHCHI,54.3,56.2,57.8,57.8,41.1,56.8
2024-03-31,KXHIGHCHI,44.3,43.4,44.6,43.8,35.7,44.7
2024-04-01,KXHIGHCHI,45.3,42.9,45.3,45.4,38.6,43.0
2024-04-02,KXHIGHCHI,56.3,49.2,53.4,54.7,40.0,53.1
2024-04-03,KXHIGHCHI,35.6,35.6,37.8,37.3,36.1,36.0
2024-04-04,KXHIGHCHI,38.3,40.1,40.1,39.4,36.9,39.5
2024-04-05,KXHIGHCHI,43.5,44.1,45.3,44.9,37.0,43.9
2024-04-06,KXHIGHCHI,46.1,46.0,48.5,46.3,36.8,45.4
2024-04-07,KXHIGHCHI,49.5,48.4,50.0,48.3,44.5,45.9
2024-04-08,KXHIGHCHI,68.9,66.9,71.7,69.4,59.6,71.1
2024-04-09,KXHIGHCHI,61.7,59.9,63.8,64.3,54.0,64.2
2024-04-10,KXHIGHCHI,60.1,60.3,64.1,60.7,48.8,60.4
2024-04-11,KXHIGHCHI,50.7,50.2,53.6,49.6,42.7,52.5
2024-04-12,KXHIGHCHI,59.9,58.8,61.8,62.3,50.0,61.2
2024-04-13,KXHIGHCHI,66.6,64.5,69.3,67.3,53.9,66.5
2024-04-14,KXHIGHCHI,74.1,74.5,77.6,75.0,63.0,79.1
2024-04-15,KXHIGHCHI,63.7,66.9,70.7,63.1,51.0,68.2
2024-04-16,KXHIGHCHI,72.2,64.5,75.0,71.9,57.1,66.4
2024-04-17,KXHIGHCHI,63.5,64.4,66.6,64.1,55.8,64.7
2024-04-18,KXHIGHCHI,53.4,53.7,56.0,54.6,48.8,53.4
2024-04-19,KXHIGHCHI,54.7,53.9,55.2,56.0,49.6,56.5
2024-04-20,KXHIGHCHI,46.6,42.9,45.4,47.5,43.6,43.3
2024-04-21,KXHIGHCHI,54.2,53.8,56.6,56.9,45.0,55.3
2024-04-22,KXHIGHCHI,62.8,63.0,66.2,65.0,54.6,66.8
2024-04-23,KXHIGHCHI,62.6,60.0,63.7,63.2,53.9,61.7
2024-04-24,KXHIGHCHI,42.3,43.3,43.4,42.7,39.6,42.0
2024-04-25,KXHIGHCHI,50.6,50.0,53.8,50.2,40.0,50.9
2024-04-26,KXHIGHCHI,57.8,57.1,58.7,56.5,52.2,56.5
2024-04-27,KXHIGHCHI,77.7,74.7,78.4,76.3,64.5,77.1
2024-04-28,KXHIGHCHI,72.2,73.7,74.6,73.8,63.8,70.5
2024-04-29,KXHIGHCHI,67.7,66.3,70.4,67.3,60.8,66.7
2024-04-30,KXHIGHCHI,68.6,68.1,73.1,70.9,58.5,69.6
2024-05-01,KXHIGHCHI,72.3,70.5,75.6,73.6,60.9,76.6
2024-05-02,KXHIGHCHI,79.9,67.8,82.5,80.7,64.1,69.0
2024-05-03,KXHIGHCHI,63.7,60.6,65.9,60.0,60.0,61.4
2024-05-04,KXHIGHCHI,74.3,70.4,78.1,72.6,54.6,69.9
2024-05-05,KXHIGHCHI,58.3,56.8,61.5,60.2,51.0,60.0
2024-05-06,KXHIGHCHI,63.5,62.2,67.2,62.4,50.0,63.9
2024-05-07,KXHIGHCHI,70.9,69.0,70.8,75.1,60.8,70.8
2024-05-08,KXHIGHCHI,72.3,70.3,77.4,72.3,54.4,74.9
2024-05-09,KXHIGHCHI,54.5,54.2,60.5,56.5,50.0,59.0
2024-05-10,KXHIGHCHI,63.2,63.9,65.6,63.2,58.1,65.5
2024-05-11,KXHIGHCHI,63.5,61.9,67.0,64.6,53.4,65.2
2024-05-12,KXHIGHCHI,78.5,77.0,81.3,80.3,65.6,82.6
2024-05-13,KXHIGHCHI,79.4,77.9,80.4,81.4,64.0,81.6
2024-05-14,KXHIGHCHI,58.8,60.0,63.1,55.9,48.7,56.7
2024-05-15,KXHIGHCHI,60.3,57.0,63.2,58.3,46.7,62.6
2024-05-16,KXHIGHCHI,73.6,70.1,72.4,75.4,61.4,72.8
2024-05-17,KXHIGHCHI,71.4,69.8,76.4,72.0,55.5,72.0
2024-05-18,KXHIGHCHI,81.2,76.2,81.8,83.6,66.4,81.4
2024-05-19,KXHIGHCHI,70.9,68.1,74.0,73.6,63.3,70.5
2024-05-20,KXHIGHCHI,78.5,77.8,84.8,84.3,69.0,82.2
2024-05-21,KXHIGHCHI,85.3,84.8,88.0,87.4,69.1,89.7
2024-05-22,KXHIGHCHI,72.9,77.0,76.7,79.9,68.5,78.9
2024-05-23,KXHIGHCHI,74.9,72.1,79.4,74.0,63.8,75.2
2024-05-24,KXHIGHCHI,79.0,73.8,81.5,74.6,64.2,75.4
2024-05-25,KXHIGHCHI,66.0,67.5,70.2,66.0,62.5,67.7
2024-05-26,KXHIGHCHI,71.3,67.2,69.4,69.6,61.8,68.0
2024-05-27,KXHIGHCHI,69.5,70.4,71.0,73.0,60.3,70.6
2024-05-28,KXHIGHCHI,68.0,67.2,70.0,70.8,59.6,69.2
2024-05-29,KXHIGHCHI,62.3,61.8,66.8,62.7,51.8,62.1
2024-05-30,KXHIGHCHI,64.1,61.8,66.8,63.4,53.5,63.9
2024-05-31,KXHIGHCHI,74.7,72.5,77.3,74.6,62.8,74.4
2024-06-01,KXHIGHCHI,67.3,64.3,65.7,65.0,59.6,65.4
2024-06-02,KXHIGHCHI,68.2,68.1,72.2,68.2,54.1,67.5
2024-06-03,KXHIGHCHI,83.3,80.7,84.3,83.8,66.8,86.3
2024-06-04,KXHIGHCHI,82.2,77.9,83.7,81.3,67.2,79.8
2024-06-05,KXHIGHCHI,77.6,77.1,80.9,79.0,68.9,76.5
2024-06-06,KXHIGHCHI,76.8,73.9,77.6,76.9,68.8,78.5
2024-06-07,KXHIGHCHI,75.6,75.4,77.7,78.1,66.3,78.0
2024-06-08,KXHIGHCHI,77.4,76.2,78.6,79.2,65.7,73.7
2024-06-09,KXHIGHCHI,77.6,77.1,79.0,78.8,67.8,80.0
2024-06-10,KXHIGHCHI,61.9,61.6,66.3,62.8,54.8,62.6
2024-06-11,KXHIGHCHI,75.2,71.5,77.7,71.2,63.6,72.1
2024-06-12,KXHIGHCHI,87.5,85.1,89.9,91.7,73.8,88.9
2024-06-13,KXHIGHCHI,88.2,86.8,90.2,93.2,74.4,90.4
2024-06-14,KXHIGHCHI,77.6,73.6,84.8,76.2,68.1,78.6
2024-06-15,KXHIGHCHI,82.1,78.9,85.2,85.9,66.9,80.9
2024-06-16,KXHIGHCHI,89.4,85.2,92.9,95.6,74.7,93.0
2024-06-17,KXHIGHCHI,92.5,92.1,94.6,96.7,75.7,95.1
2024-06-18,KXHIGHCHI,88.4,88.9,89.6,94.5,75.5,90.6
2024-06-19,KXHIGHCHI,90.5,90.1,92.7,94.8,75.6,91.9
2024-06-20,KXHIGHCHI,78.3,74.3,81.0,77.5,63.1,76.2
2024-06-21,KXHIGHCHI,86.2,89.1,91.6,94.4,69.4,88.7
2024-06-22,KXHIGHCHI,89.4,89.7,91.4,95.5,77.2,91.4
2024-06-23,KXHIGHCHI,74.9,76.2,78.9,78.4,70.7,76.3
2024-06-24,KXHIGHCHI,79.2,78.0,83.9,78.6,68.6,75.3
2024-06-25,KXHIGHCHI,84.6,82.5,89.2,85.8,74.5,83.6
2024-06-26,KXHIGHCHI,83.1,83.8,85.7,86.4,69.4,83.1
2024-06-27,KXHIGHCHI,67.7,66.1,69.8,69.9,60.7,68.1
2024-06-28,KXHIGHCHI,77.0,71.0,75.0,76.6,71.3,74.4
2024-06-29,KXHIGHCHI,86.9,85.8,88.1,93.4,76.0,90.1
2024-06-30,KXHIGHCHI,71.1,70.3,72.3,74.1,68.2,68.7
2024-07-01,KXHIGHCHI,69.5,67.4,70.5,70.4,64.6,68.8
2024-07-02,KXHIGHCHI,82.6,80.6,84.3,84.7,72.4,82.3
2024-07-03,KXHIGHCHI,84.6,83.4,87.0,89.8,71.9,83.4
2024-07-04,KXHIGHCHI,77.4,75.7,80.7,81.1,72.7,76.2
2024-07-05,KXHIGHCHI,81.3,79.9,82.0,85.7,72.6,82.5
2024-07-06,KXHIGHCHI,76.5,75.2,78.0,75.6,66.9,75.3
2024-07-07,KXHIGHCHI,84.6,78.9,85.5,83.0,73.3,85.2
2024-07-08,KXHIGHCHI,85.7,81.4,84.1,88.9,73.9,83.7
2024-07-09,KXHIGHCHI,74.7,74.9,80.0,77.5,71.5,75.4
2024-07-10,KXHIGHCHI,76.5,76.0,80.3,80.1,66.8,77.0
2024-07-11,KXHIGHCHI,74.9,72.8,78.0,75.4,66.1,73.4
2024-07-12,KXHIGHCHI,78.1,78.8,81.5,79.5,66.4,77.7
2024-07-13,KXHIGHCHI,88.2,83.3,87.4,88.8,76.8,89.8
2024-07-14,KXHIGHCHI,90.0,85.8,92.9,88.7,80.7,88.6
2024-07-15,KXHIGHCHI,88.5,86.4,90.2,93.3,78.1,89.5
2024-07-16,KXHIGHCHI,84.0,84.5,86.1,89.8,75.3,86.0
2024-07-17,KXHIGHCHI,79.7,78.7,81.2,80.8,70.3,82.2
2024-07-18,KXHIGHCHI,70.7,69.9,71.3,73.6,66.3,73.0
2024-07-19,KXHIGHCHI,75.0,74.3,76.1,76.9,69.0,76.2
2024-07-20,KXHIGHCHI,77.9,75.7,77.9,78.7,70.7,77.8
2024-07-21,KXHIGHCHI,78.6,77.4,81.8,80.7,70.5,80.1
2024-07-22,KXHIGHCHI,79.0,76.7,79.8,78.9,68.3,79.6
2024-07-23,KXHIGHCHI,85.8,84.3,85.6,87.1,73.4,85.2
2024-07-24,KXHIGHCHI,74.0,71.2,74.9,75.8,70.2,74.6
2024-07-25,KXHIGHCHI,74.0,71.6,75.1,75.9,67.5,74.4
2024-07-26,KXHIGHCHI,75.8,75.3,78.5,77.7,69.0,77.0
2024-07-27,KXHIGHCHI,82.6,79.8,84.4,81.8,72.4,81.3
2024-07-28,KXHIGHCHI,79.0,78.0,81.1,83.5,74.0,80.4
2024-07-29,KXHIGHCHI,80.8,78.5,80.3,83.4,73.5,79.4
2024-07-30,KXHIGHCHI,88.7,84.5,90.0,85.6,77.1,83.7
2024-07-31,KXHIGHCHI,91.1,88.6,91.1,84.6,77.8,92.9
2024-08-01,KXHIGHCHI,89.3,82.5,85.2,85.6,74.1,82.0
2024-08-02,KXHIGHCHI,78.1,79.0,83.1,82.7,72.6,82.3
2024-08-03,KXHIGHCHI,82.8,82.3,87.6,84.0,71.0,86.5
2024-08-04,KXHIGHCHI,88.4,83.6,90.9,84.6,74.9,87.8
2024-08-05,KXHIGHCHI,85.8,86.6,88.8,93.7,74.7,87.9
2024-08-06,KXHIGHCHI,71.1,72.8,75.8,73.7,68.2,73.3
2024-08-07,KXHIGHCHI,74.1,72.3,75.3,76.3,69.0,75.8
2024-08-08,KXHIGHCHI,81.3,79.8,83.2,81.4,71.9,82.0
2024-08-09,KXHIGHCHI,73.8,72.3,73.7,77.2,69.6,74.3
2024-08-10,KXHIGHCHI,73.8,74.8,75.1,78.1,69.4,75.3
2024-08-11,KXHIGHCHI,77.7,77.1,77.8,81.5,71.7,78.5
2024-08-12,KXHIGHCHI,81.3,78.2,81.2,81.5,71.9,79.1
2024-08-13,KXHIGHCHI,80.1,79.5,81.2,81.5,70.8,80.4
2024-08-14,KXHIGHCHI,80.1,79.0,83.0,81.4,70.8,79.5
2024-08-15,KXHIGHCHI,74.3,72.6,73.9,73.7,72.1,71.7
2024-08-16,KXHIGHCHI,85.8,84.5,86.2,89.8,75.8,83.1
2024-08-17,KXHIGHCHI,76.8,78.8,79.9,80.6,71.7,75.4
2024-08-18,KXHIGHCHI,74.1,71.9,76.5,75.6,69.3,72.9
2024-08-19,KXHIGHCHI,72.2,70.1,74.2,75.1,67.2,74.4
2024-08-20,KXHIGHCHI,68.0,67.0,70.0,71.1,65.2,69.8
2024-08-21,KXHIGHCHI,71.4,70.7,73.0,73.4,66.3,73.3
2024-08-22,KXHIGHCHI,76.1,75.4,77.8,75.6,68.3,75.3
2024-08-23,KXHIGHCHI,80.4,79.8,81.7,83.4,71.9,80.6
2024-08-24,KXHIGHCHI,86.9,82.7,90.4,81.8,73.3,83.0
2024-08-25,KXHIGHCHI,91.6,89.9,91.0,93.3,78.0,90.6
2024-08-26,KXHIGHCHI,94.1,93.3,93.6,96.5,77.3,94.2
2024-08-27,KXHIGHCHI,95.0,95.2,97.4,96.9,81.3,95.0
2024-08-28,KXHIGHCHI,84.0,79.3,84.5,85.8,75.7,81.1
2024-08-29,KXHIGHCHI,81.2,78.7,80.3,79.7,70.5,77.1
2024-08-30,KXHIGHCHI,85.7,84.6,85.8,85.7,75.3,81.8
2024-08-31,KXHIGHCHI,82.1,79.9,84.1,82.9,73.5,76.9
2024-09-01,KXHIGHCHI,72.5,70.6,73.5,73.6,70.2,71.1
2024-09-02,KXHIGHCHI,71.1,70.5,71.5,73.0,65.9,70.8
2024-09-03,KXHIGHCHI,72.9,72.1,74.6,73.6,66.9,72.0
2024-09-04,KXHIGHCHI,79.2,77.9,81.2,78.7,68.2,77.4
2024-09-05,KXHIGHCHI,86.4,86.5,86.1,88.5,76.1,87.7
2024-09-06,KXHIGHCHI,69.3,67.6,69.7,70.8,69.4,68.1
2024-09-07,KXHIGHCHI,61.7,60.2,63.0,64.0,59.8,62.4
2024-09-08,KXHIGHCHI,71.4,71.5,72.0,73.5,67.2,71.5
2024-09-09,KXHIGHCHI,79.2,79.7,80.3,81.1,71.6,79.9
2024-09-10,KXHIGHCHI,82.2,81.4,82.8,84.4,71.5,82.6
2024-09-11,KXHIGHCHI,84.6,82.9,85.9,81.7,73.4,79.9
2024-09-12,KXHIGHCHI,81.9,79.5,82.9,79.7,69.7,81.4
2024-09-13,KXHIGHCHI,79.9,77.9,80.3,78.9,69.9,79.3
2024-09-14,KXHIGHCHI,81.2,80.7,84.2,80.1,69.4,80.7
2024-09-15,KXHIGHCHI,82.8,82.1,85.7,80.8,69.6,81.3
2024-09-16,KXHIGHCHI,83.3,82.5,86.5,80.9,70.9,85.0
2024-09-17,KXHIGHCHI,77.2,78.1,81.2,77.8,67.4,78.4
2024-09-18,KXHIGHCHI,81.0,79.7,84.4,78.0,67.6,79.6
2024-09-19,KXHIGHCHI,85.3,84.4,87.5,81.9,71.0,84.3
2024-09-20,KXHIGHCHI,86.9,84.8,87.2,88.9,71.2,85.6
2024-09-21,KXHIGHCHI,86.6,84.2,90.4,83.3,70.3,81.0
2024-09-22,KXHIGHCHI,74.7,73.7,73.6,75.5,68.5,71.2
2024-09-23,KXHIGHCHI,65.9,64.2,66.1,67.6,60.9,64.4
2024-09-24,KXHIGHCHI,67.1,64.9,66.3,65.5,62.3,65.3
2024-09-25,KXHIGHCHI,71.6,71.9,74.6,72.4,63.5,71.5
2024-09-26,KXHIGHCHI,71.4,70.9,74.2,74.0,63.6,73.4
2024-09-27,KXHIGHCHI,70.9,67.6,71.4,71.0,65.1,70.4
2024-09-28,KXHIGHCHI,67.8,64.5,69.3,70.0,64.3,68.7
2024-09-29,KXHIGHCHI,71.1,68.0,71.3,71.6,62.8,69.4
2024-09-30,KXHIGHCHI,71.8,72.6,74.7,73.9,63.7,71.8
2024-10-01,KXHIGHCHI,67.8,67.0,67.0,68.2,63.9,67.0
2024-10-02,KXHIGHCHI,69.8,68.5,69.6,71.2,63.6,70.7
2024-10-03,KXHIGHCHI,75.2,72.0,75.3,74.0,62.9,73.7
2024-10-04,KXHIGHCHI,67.8,65.8,69.8,68.9,59.9,68.5
2024-10-05,KXHIGHCHI,81.3,79.4,80.8,81.2,68.5,81.6
2024-10-06,KXHIGHCHI,74.1,74.1,74.7,75.0,68.3,73.7
2024-10-07,KXHIGHCHI,66.2,64.6,65.9,67.3,59.1,66.4
2024-10-08,KXHIGHCHI,71.4,71.7,72.3,73.2,62.7,72.3
2024-10-09,KXHIGHCHI,64.6,64.3,66.2,66.0,57.6,65.4
2024-10-10,KXHIGHCHI,67.1,66.6,67.6,66.9,58.5,65.5
2024-10-11,KXHIGHCHI,80.1,80.9,82.5,80.1,68.8,81.4
2024-10-12,KXHIGHCHI,68.9,64.7,65.0,68.5,59.9,69.0
2024-10-13,KXHIGHCHI,64.2,63.6,65.7,66.8,57.5,65.1
2024-10-14,KXHIGHCHI,54.9,54.6,54.2,56.5,50.1,54.7
2024-10-15,KXHIGHCHI,48.4,46.9,47.2,47.7,49.2,45.8
2024-10-16,KXHIGHCHI,54.7,53.9,54.6,55.8,50.9,52.4
2024-10-17,KXHIGHCHI,62.6,61.1,62.7,62.8,56.6,62.7
2024-10-18,KXHIGHCHI,66.6,65.2,66.9,67.2,58.3,67.2
2024-10-19,KXHIGHCHI,69.8,68.7,70.8,71.5,59.8,70.0
2024-10-20,KXHIGHCHI,75.2,74.4,77.7,77.3,63.6,76.6
2024-10-21,KXHIGHCHI,77.6,76.4,80.0,80.5,63.8,79.6
2024-10-22,KXHIGHCHI,73.5,71.3,72.2,73.7,63.5,70.5
2024-10-23,KXHIGHCHI,66.2,62.5,61.5,66.8,60.0,61.8
2024-10-24,KXHIGHCHI,62.6,62.1,61.8,64.2,55.0,62.5
2024-10-25,KXHIGHCHI,64.2,63.3,63.7,66.3,54.9,63.1
2024-10-26,KXHIGHCHI,54.5,53.8,55.3,55.3,51.9,54.3
2024-10-27,KXHIGHCHI,58.0,56.4,57.6,56.5,52.7,56.0
2024-10-28,KXHIGHCHI,65.2,62.4,65.4,65.6,60.0,64.5
2024-10-29,KXHIGHCHI,78.7,78.0,81.4,81.1,66.3,79.8
2024-10-30,KXHIGHCHI,76.7,76.6,78.3,79.8,64.9,78.4
2024-10-31,KXHIGHCHI,70.4,70.3,69.5,70.4,63.3,68.3
2024-11-01,KXHIGHCHI,50.3,50.1,51.3,50.9,45.2,48.7
2024-11-02,KXHIGHCHI,56.3,53.7,55.1,54.6,50.0,54.1
2024-11-03,KXHIGHCHI,61.9,62.2,61.2,62.1,57.2,59.5
2024-11-04,KXHIGHCHI,66.4,65.9,67.3,69.1,60.0,66.0
2024-11-05,KXHIGHCHI,65.4,63.8,65.9,67.6,58.9,64.5
2024-11-06,KXHIGHCHI,59.6,57.1,59.6,58.3,57.3,57.7
2024-11-07,KXHIGHCHI,57.3,55.8,57.1,57.4,50.7,56.3
2024-11-08,KXHIGHCHI,59.8,58.4,61.1,60.1,51.5,62.4
2024-11-09,KXHIGHCHI,56.0,52.7,54.8,53.9,50.8,52.8
2024-11-10,KXHIGHCHI,62.0,59.8,61.1,61.7,54.2,60.0
2024-11-11,KXHIGHCHI,56.2,55.5,56.1,57.6,50.7,58.1
2024-11-12,KXHIGHCHI,47.9,45.6,46.9,48.4,46.1,47.1
2024-11-13,KXHIGHCHI,51.7,48.5,50.1,51.6,48.4,50.5
2024-11-14,KXHIGHCHI,53.4,53.1,51.1,56.0,48.2,52.8
2024-11-15,KXHIGHCHI,53.1,51.4,52.0,52.7,46.0,51.0
2024-11-16,KXHIGHCHI,53.0,49.2,50.8,51.7,47.6,49.8
2024-11-17,KXHIGHCHI,58.1,57.0,57.6,58.9,52.2,57.3
2024-11-18,KXHIGHCHI,57.2,56.1,56.1,56.5,52.2,54.8
2024-11-19,KXHIGHCHI,61.3,59.9,60.1,61.4,54.8,59.2
2024-11-20,KXHIGHCHI,50.3,46.1,47.7,48.2,47.5,46.9
2024-11-21,KXHIGHCHI,39.2,39.0,40.0,38.5,40.6,38.7
2024-11-22,KXHIGHCHI,45.2,45.0,46.8,44.9,43.8,45.5
2024-11-23,KXHIGHCHI,44.5,41.4,42.0,42.2,41.2,41.1
2024-11-24,KXHIGHCHI,48.9,47.2,47.7,50.2,46.7,47.7
2024-11-25,KXHIGHCHI,51.1,49.2,51.9,56.1,46.9,50.8
2024-11-26,KXHIGHCHI,38.6,36.5,38.3,38.2,38.2,38.6
2024-11-27,KXHIGHCHI,43.4,40.3,42.4,42.3,40.6,41.5
2024-11-28,KXHIGHCHI,39.9,37.7,38.1,39.1,37.2,38.3
2024-11-29,KXHIGHCHI,27.2,27.0,27.3,26.1,29.6,28.5
2024-11-30,KXHIGHCHI,24.5,24.7,24.5,24.0,25.8,23.9
2024-12-01,KXHIGHCHI,25.1,24.9,24.3,25.0,27.4,25.2
2024-12-02,KXHIGHCHI,25.6,25.2,26.5,24.5,29.5,25.5
2024-12-03,KXHIGHCHI,29.0,30.3,29.4,30.1,29.1,28.8
2024-12-04,KXHIGHCHI,36.3,36.4,38.3,39.5,37.9,36.3
2024-12-05,KXHIGHCHI,26.5,27.8,25.9,27.0,28.3,26.6
2024-12-06,KXHIGHCHI,29.6,30.0,29.4,29.3,30.3,28.6
2024-12-07,KXHIGHCHI,42.8,44.2,46.2,45.6,40.8,43.8
2024-12-08,KXHIGHCHI,48.7,49.3,53.7,53.0,41.6,51.3
2024-12-09,KXHIGHCHI,48.3,48.7,50.9,52.4,42.5,52.1
2024-12-10,KXHIGHCHI,42.1,39.7,41.5,43.9,38.8,39.7
2024-12-11,KXHIGHCHI,30.8,30.9,32.3,31.9,30.3,30.4
2024-12-12,KXHIGHCHI,15.8,13.8,13.7,13.5,17.7,13.7
2024-12-13,KXHIGHCHI,26.3,25.3,25.2,26.5,27.6,26.1
2024-12-14,KXHIGHCHI,36.4,35.7,36.6,37.6,36.6,35.9
2024-12-15,KXHIGHCHI,41.1,43.5,45.9,46.1,39.0,44.1
2024-12-16,KXHIGHCHI,50.0,47.9,51.2,55.5,41.9,50.5
2024-12-17,KXHIGHCHI,39.5,37.5,39.0,40.8,37.0,37.7
2024-12-18,KXHIGHCHI,33.8,32.5,33.2,34.9,34.8,33.3
2024-12-19,KXHIGHCHI,31.7,30.7,30.8,31.4,32.1,31.2
2024-12-20,KXHIGHCHI,34.0,32.7,33.8,34.0,33.9,33.2
2024-12-21,KXHIGHCHI,26.3,22.2,24.5,25.5,27.7,25.3
2024-12-22,KXHIGHCHI,31.3,31.1,31.0,33.8,32.1,30.4
2024-12-23,KXHIGHCHI,35.5,35.8,37.7,39.2,36.6,37.1
2024-12-24,KXHIGHCHI,37.4,35.1,37.4,38.5,34.3,36.4
2024-12-25,KXHIGHCHI,37.3,35.9,36.2,38.2,35.5,35.8
2024-12-26,KXHIGHCHI,42.3,44.3,44.8,50.0,41.9,44.5
2024-12-27,KXHIGHCHI,47.3,47.7,50.1,50.1,44.3,48.9
2024-12-28,KXHIGHCHI,49.5,49.5,51.1,51.2,45.2,49.9
2024-12-29,KXHIGHCHI,44.8,42.2,42.4,45.7,42.0,42.3
2024-12-30,KXHIGHCHI,42.8,39.4,43.2,44.3,37.6,41.0
2024-12-31,KXHIGHCHI,39.7,38.5,39.9,39.3,36.9,39.5
2025-01-01,KXHIGHCHI,32.9,32.7,32.7,31.9,32.6,32.1
2025-01-02,KXHIGHCHI,30.5,30.2,30.2,30.7,29.3,31.1
2025-01-03,KXHIGHCHI,27.2,24.9,26.2,25.5,28.7,24.9
2025-01-04,KXHIGHCHI,22.9,23.1,21.3,22.2,20.6,23.2
2025-01-05,KXHIGHCHI,27.1,27.3,25.8,27.4,25.5,27.6
2025-01-06,KXHIGHCHI,29.9,29.3,28.7,30.1,27.1,29.7
2025-01-07,KXHIGHCHI,26.3,24.9,25.5,25.9,25.6,24.9
2025-01-08,KXHIGHCHI,23.9,24.6,23.9,24.4,23.6,24.9
2025-01-09,KXHIGHCHI,25.9,26.6,27.8,27.1,26.2,27.8
2025-01-10,KXHIGHCHI,27.8,27.1,28.2,28.3,29.4,27.6
2025-01-11,KXHIGHCHI,30.6,29.8,31.0,33.5,29.5,30.8
2025-01-12,KXHIGHCHI,32.6,33.9,32.8,35.3,32.1,32.7
2025-01-13,KXHIGHCHI,22.8,21.2,22.5,23.1,25.1,20.7
2025-01-14,KXHIGHCHI,16.0,14.0,14.7,15.8,19.1,15.9
2025-01-15,KXHIGHCHI,18.3,16.6,18.9,18.9,21.3,18.5
2025-01-16,KXHIGHCHI,32.9,36.3,35.8,38.0,34.2,34.7
2025-01-17,KXHIGHCHI,40.7,42.1,46.3,44.2,39.3,43.4
2025-01-18,KXHIGHCHI,36.2,37.3,37.6,42.6,37.3,38.4
2025-01-19,KXHIGHCHI,20.1,15.9,18.5,15.4,19.9,17.0
2025-01-20,KXHIGHCHI,9.7,10.0,9.0,10.1,12.7,10.5
2025-01-21,KXHIGHCHI,3.9,1.5,1.4,3.6,8.3,2.1
2025-01-22,KXHIGHCHI,21.6,21.9,20.8,23.0,24.9,22.0
2025-01-23,KXHIGHCHI,19.7,23.4,20.0,24.1,25.4,24.0
2025-01-24,KXHIGHCHI,18.6,18.7,18.5,19.5,23.3,20.5
2025-01-25,KXHIGHCHI,35.8,37.0,38.2,40.3,34.7,38.0
2025-01-26,KXHIGHCHI,27.8,29.4,28.6,31.0,29.6,30.2
2025-01-27,KXHIGHCHI,37.6,39.4,40.1,41.2,36.2,39.9
2025-01-28,KXHIGHCHI,41.5,43.4,45.7,45.0,40.5,45.3
2025-01-29,KXHIGHCHI,42.4,43.0,45.1,45.8,39.3,44.3
2025-01-30,KXHIGHCHI,45.3,45.7,50.8,50.8,38.4,47.8
2025-01-31,KXHIGHCHI,37.2,39.0,39.0,42.2,34.7,39.2
2025-02-01,KXHIGHCHI,32.6,32.6,31.7,32.7,31.6,32.1
2025-02-02,KXHIGHCHI,41.2,42.7,43.8,45.6,37.3,42.5
2025-02-03,KXHIGHCHI,40.7,38.8,44.1,42.1,35.8,43.1
2025-02-04,KXHIGHCHI,32.1,32.8,30.7,31.6,29.7,32.8
2025-02-05,KXHIGHCHI,30.1,29.1,30.0,30.2,27.6,29.9
2025-02-06,KXHIGHCHI,35.8,36.1,35.0,37.9,33.2,35.6
2025-02-07,KXHIGHCHI,29.9,29.8,29.6,31.8,26.9,31.0
2025-02-08,KXHIGHCHI,31.7,30.9,30.7,31.3,29.4,31.2
2025-02-09,KXHIGHCHI,29.0,29.5,29.4,32.0,28.5,29.2
2025-02-10,KXHIGHCHI,31.6,31.1,31.9,32.4,27.4,32.5
2025-02-11,KXHIGHCHI,28.8,26.6,25.5,25.9,27.5,27.1
2025-02-12,KXHIGHCHI,28.0,26.5,26.9,26.4,25.8,27.6
2025-02-13,KXHIGHCHI,24.9,25.7,26.1,25.7,25.6,24.8
2025-02-14,KXHIGHCHI,23.6,23.8,24.4,24.6,25.1,23.7
2025-02-15,KXHIGHCHI,30.8,30.3,30.5,33.1,30.1,33.0
2025-02-16,KXHIGHCHI,27.0,27.5,28.2,27.9,26.9,29.0
2025-02-17,KXHIGHCHI,10.5,8.3,10.8,12.9,14.3,11.8
2025-02-18,KXHIGHCHI,11.5,9.0,13.0,14.2,10.1,14.6
2025-02-19,KXHIGHCHI,15.6,13.0,15.6,16.3,13.2,17.2
2025-02-20,KXHIGHCHI,22.2,19.8,23.3,25.2,20.2,24.0
2025-02-21,KXHIGHCHI,26.8,25.4,27.9,29.9,24.1,27.9
2025-02-22,KXHIGHCHI,31.1,30.1,31.6,34.7,29.6,34.7
2025-02-23,KXHIGHCHI,39.0,38.4,41.0,44.4,34.5,44.1
2025-02-24,KXHIGHCHI,43.9,51.0,51.8,58.0,42.8,54.3
2025-02-25,KXHIGHCHI,49.5,50.8,53.1,55.5,41.0,52.4
2025-02-26,KXHIGHCHI,44.3,40.9,45.3,44.8,35.1,41.6
2025-02-27,KXHIGHCHI,46.3,45.1,47.0,48.5,39.9,46.9
2025-02-28,KXHIGHCHI,54.3,54.2,57.6,57.1,47.4,56.8
2025-03-01,KXHIGHCHI,36.1,34.7,33.7,36.0,33.0,33.4
2025-03-02,KXHIGHCHI,33.1,32.2,34.6,33.8,28.6,33.9
2025-03-03,KXHIGHCHI,44.4,43.4,45.6,48.5,38.5,46.0
2025-03-04,KXHIGHCHI,49.7,44.9,48.2,47.0,42.4,46.4
2025-03-05,KXHIGHCHI,48.6,49.7,51.0,49.2,43.3,48.5
2025-03-06,KXHIGHCHI,38.7,38.0,40.0,41.0,33.9,39.3
2025-03-07,KXHIGHCHI,36.9,34.1,35.3,36.3,30.7,38.1
2025-03-08,KXHIGHCHI,45.9,45.9,49.1,48.8,40.2,48.5
2025-03-09,KXHIGHCHI,54.7,54.3,57.9,57.9,45.1,57.8
2025-03-10,KXHIGHCHI,63.2,62.7,67.5,67.2,48.9,67.1
2025-03-11,KXHIGHCHI,57.2,54.0,55.2,60.1,48.7,55.6
2025-03-12,KXHIGHCHI,45.0,42.8,47.2,44.1,34.3,44.3
2025-03-13,KXHIGHCHI,50.2,49.5,53.7,48.9,39.6,50.4
2025-03-14,KXHIGHCHI,72.0,71.5,77.6,78.0,52.0,77.1
2025-03-15,KXHIGHCHI,66.7,62.4,67.9,69.2,55.2,65.5
2025-03-16,KXHIGHCHI,43.5,40.3,42.1,43.9,39.1,41.0
2025-03-17,KXHIGHCHI,50.4,47.7,50.9,50.4,42.3,51.8
2025-03-18,KXHIGHCHI,67.1,63.0,70.9,70.4,53.6,70.6
2025-03-19,KXHIGHCHI,55.6,42.9,59.8,63.4,35.7,43.3
2025-03-20,KXHIGHCHI,39.6,40.7,40.7,42.9,33.9,41.1
2025-03-21,KXHIGHCHI,54.5,55.3,57.3,54.9,48.9,58.1
2025-03-22,KXHIGHCHI,47.5,44.1,46.0,49.6,44.7,45.2
2025-03-23,KXHIGHCHI,48.2,46.6,47.1,51.2,42.0,45.1
2025-03-24,KXHIGHCHI,46.6,45.7,46.3,48.4,39.3,47.9
2025-03-25,KXHIGHCHI,44.1,42.7,47.5,43.4,35.6,44.7
2025-03-26,KXHIGHCHI,45.9,44.5,50.8,44.7,34.9,45.6
2025-03-27,KXHIGHCHI,55.8,51.4,55.2,56.8,45.8,55.8
2025-03-28,KXHIGHCHI,73.4,71.8,76.9,77.2,59.9,78.0
2025-03-29,KXHIGHCHI,68.4,67.8,68.6,71.8,57.6,68.1
2025-03-30,KXHIGHCHI,66.9,69.4,70.8,74.5,56.4,71.1
2025-03-31,KXHIGHCHI,43.9,43.4,45.3,45.3,42.0,42.6
2025-04-01,KXHIGHCHI,41.2,41.1,42.2,42.8,39.3,41.8
2025-04-02,KXHIGHCHI,63.9,64.7,66.2,67.1,56.8,65.7
2025-04-03,KXHIGHCHI,57.0,56.9,61.0,59.5,50.3,56.8
2025-04-04,KXHIGHCHI,45.9,43.7,45.3,45.7,38.3,44.8
2025-04-05,KXHIGHCHI,48.0,50.0,51.6,50.2,40.5,49.2
2025-04-06,KXHIGHCHI,42.3,43.1,44.7,44.8,37.2,43.0
2025-04-07,KXHIGHCHI,41.6,40.1,42.3,43.5,40.8,41.6
2025-04-08,KXHIGHCHI,38.9,37.9,41.8,42.1,33.8,36.1
2025-04-09,KXHIGHCHI,43.5,40.5,42.7,40.8,39.1,40.7
2025-04-10,KXHIGHCHI,41.0,39.3,42.0,40.9,36.5,39.5
2025-04-11,KXHIGHCHI,45.9,46.1,48.2,47.1,39.2,47.4
2025-04-12,KXHIGHCHI,55.2,55.1,59.9,54.8,44.3,53.9
2025-04-13,KXHIGHCHI,58.8,59.1,63.2,64.4,51.0,59.9
2025-04-14,KXHIGHCHI,61.4,61.9,62.5,66.0,53.7,63.9
2025-04-15,KXHIGHCHI,52.4,51.9,53.7,57.1,47.7,54.4
2025-04-16,KXHIGHCHI,42.6,44.9,46.7,44.9,40.5,43.7
2025-04-17,KXHIGHCHI,64.6,62.7,64.3,65.5,53.0,65.3
2025-04-18,KXHIGHCHI,74.3,73.9,77.7,80.1,64.7,75.4
2025-04-19,KXHIGHCHI,62.3,61.8,65.2,63.5,56.5,63.1
2025-04-20,KXHIGHCHI,56.7,53.8,55.6,54.3,49.5,54.6
2025-04-21,KXHIGHCHI,59.7,57.3,58.3,59.8,53.9,57.9
2025-04-22,KXHIGHCHI,70.0,68.5,68.6,71.8,61.5,72.8
2025-04-23,KXHIGHCHI,70.5,70.1,74.6,74.5,56.0,69.1
2025-04-24,KXHIGHCHI,62.3,62.5,69.8,63.0,55.4,62.2
2025-04-25,KXHIGHCHI,52.5,52.6,58.5,55.1,41.6,50.8
2025-04-26,KXHIGHCHI,46.8,48.2,49.8,49.5,41.3,47.3
2025-04-27,KXHIGHCHI,62.8,62.0,67.2,59.1,50.0,60.7
2025-04-28,KXHIGHCHI,77.9,81.6,81.1,84.0,65.9,83.7
2025-04-29,KXHIGHCHI,72.7,74.6,76.0,77.2,66.0,74.0
2025-04-30,KXHIGHCHI,57.4,56.6,58.7,56.7,46.1,53.1
2025-05-01,KXHIGHCHI,68.6,65.7,70.4,67.7,60.6,68.9
2025-05-02,KXHIGHCHI,55.1,56.0,57.7,59.2,49.6,54.6
2025-05-03,KXHIGHCHI,48.4,46.6,50.5,48.6,41.7,47.9
2025-05-04,KXHIGHCHI,50.4,50.5,52.9,52.2,42.7,49.7
2025-05-05,KXHIGHCHI,55.4,53.3,57.1,56.3,43.8,53.2
2025-05-06,KXHIGHCHI,70.9,70.3,72.6,76.3,58.7,73.2
2025-05-07,KXHIGHCHI,64.8,63.2,72.6,64.6,46.4,63.2
2025-05-08,KXHIGHCHI,52.5,51.2,54.9,53.4,45.0,54.0
2025-05-09,KXHIGHCHI,55.6,60.2,60.9,56.0,47.9,56.6
2025-05-10,KXHIGHCHI,68.4,69.0,72.2,69.7,51.9,72.6
2025-05-11,KXHIGHCHI,61.4,62.7,66.7,61.5,50.1,61.6
2025-05-12,KXHIGHCHI,67.1,70.0,72.5,63.8,56.7,68.5
2025-05-13,KXHIGHCHI,68.6,69.2,72.9,70.7,57.4,69.5
2025-05-14,KXHIGHCHI,68.7,68.9,73.2,65.5,53.1,68.4
2025-05-15,KXHIGHCHI,87.1,86.9,90.7,92.1,70.9,89.7
2025-05-16,KXHIGHCHI,81.7,81.0,85.7,85.4,72.1,86.7
2025-05-17,KXHIGHCHI,65.5,66.3,66.3,71.6,61.0,69.3
2025-05-18,KXHIGHCHI,56.9,56.0,59.8,60.7,54.6,56.2
2025-05-19,KXHIGHCHI,51.8,51.4,54.3,53.8,49.9,53.9
2025-05-20,KXHIGHCHI,53.6,52.7,55.1,55.2,51.3,53.0
2025-05-21,KXHIGHCHI,53.1,51.6,50.7,51.2,47.4,50.5
2025-05-22,KXHIGHCHI,52.0,51.7,56.0,54.1,49.0,52.4
2025-05-23,KXHIGHCHI,55.1,56.9,60.0,55.9,49.8,57.9
2025-05-24,KXHIGHCHI,56.5,57.2,61.7,57.5,49.5,58.9
2025-05-25,KXHIGHCHI,57.9,59.4,63.0,59.6,51.2,60.9
2025-05-26,KXHIGHCHI,59.0,57.5,62.8,59.6,47.1,59.3
2025-05-27,KXHIGHCHI,62.6,61.8,63.7,60.0,55.0,62.5
2025-05-28,KXHIGHCHI,57.2,57.5,59.6,56.2,55.9,56.0
2025-05-29,KXHIGHCHI,65.1,66.9,69.3,70.6,58.8,69.2
2025-05-30,KXHIGHCHI,75.9,72.9,76.5,80.3,64.5,73.4
2025-05-31,KXHIGHCHI,59.4,58.2,63.7,61.0,55.7,58.5
2025-06-01,KXHIGHCHI,62.1,60.9,63.0,59.6,53.6,59.7
2025-06-02,KXHIGHCHI,80.6,82.6,83.9,84.9,69.3,82.5
2025-06-03,KXHIGHCHI,83.1,85.6,87.4,90.0,74.2,87.5
2025-06-04,KXHIGHCHI,70.0,73.2,76.7,73.3,70.7,70.2
2025-06-05,KXHIGHCHI,65.5,64.9,70.2,67.3,54.9,65.1
2025-06-06,KXHIGHCHI,68.6,68.2,72.4,68.6,57.1,69.4
2025-06-07,KXHIGHCHI,71.1,69.7,72.1,69.7,59.6,70.7
2025-06-08,KXHIGHCHI,79.5,74.1,79.1,84.0,66.3,78.8
2025-06-09,KXHIGHCHI,73.1,67.0,70.9,74.8,66.6,69.9
2025-06-10,KXHIGHCHI,75.0,75.3,75.8,79.9,67.1,76.8
2025-06-11,KXHIGHCHI,87.8,90.7,91.6,93.8,76.5,90.6
2025-06-12,KXHIGHCHI,73.6,76.8,75.6,80.5,70.8,72.6
2025-06-13,KXHIGHCHI,70.7,67.8,71.3,68.7,61.7,66.3
2025-06-14,KXHIGHCHI,67.8,66.6,71.2,68.2,59.1,67.2
2025-06-15,KXHIGHCHI,72.3,73.1,76.7,74.4,59.6,74.8
2025-06-16,KXHIGHCHI,79.4,80.7,84.4,81.7,67.5,80.2
2025-06-17,KXHIGHCHI,89.4,89.3,90.9,93.4,74.4,91.3
2025-06-18,KXHIGHCHI,79.5,75.9,78.5,77.5,69.9,73.5
2025-06-19,KXHIGHCHI,80.6,77.9,83.4,84.5,72.5,79.9
2025-06-20,KXHIGHCHI,84.2,80.6,83.4,86.0,75.7,83.7
2025-06-21,KXHIGHCHI,91.6,90.9,94.2,97.2,82.3,93.4
2025-06-22,KXHIGHCHI,91.8,92.9,94.0,97.6,81.4,93.9
2025-06-23,KXHIGHCHI,92.7,94.2,94.7,97.2,82.6,94.2
2025-06-24,KXHIGHCHI,90.3,89.6,94.7,94.6,76.5,91.6
2025-06-25,KXHIGHCHI,79.0,75.6,82.1,75.9,65.5,73.2
2025-06-26,KXHIGHCHI,92.1,87.9,93.7,96.8,75.4,91.5
2025-06-27,KXHIGHCHI,86.6,83.0,88.3,90.0,77.1,87.1
2025-06-28,KXHIGHCHI,79.0,76.3,83.3,79.2,69.0,75.1
2025-06-29,KXHIGHCHI,88.0,86.7,92.1,90.0,72.4,86.2
2025-06-30,KXHIGHCHI,86.6,84.3,90.0,87.6,73.5,88.2
2025-07-01,KXHIGHCHI,81.5,83.1,85.7,81.7,70.9,81.2
2025-07-02,KXHIGHCHI,87.3,87.2,87.8,88.0,78.0,84.7
2025-07-03,KXHIGHCHI,85.3,86.5,89.2,88.5,72.1,85.9
2025-07-04,KXHIGHCHI,88.9,87.3,88.8,90.7,73.9,87.1
2025-07-05,KXHIGHCHI,91.4,92.4,92.0,96.1,79.8,92.3
2025-07-06,KXHIGHCHI,87.3,80.6,83.2,85.3,75.9,82.8
2025-07-07,KXHIGHCHI,73.8,72.6,76.0,77.4,64.4,71.1
2025-07-08,KXHIGHCHI,85.8,80.7,87.1,87.5,75.1,83.9
2025-07-09,KXHIGHCHI,80.6,76.4,81.4,78.9,71.3,76.7
2025-07-10,KXHIGHCHI,77.9,76.5,80.3,79.0,69.3,77.9
2025-07-11,KXHIGHCHI,87.5,84.2,87.4,92.2,76.3,87.7
2025-07-12,KXHIGHCHI,81.5,81.6,86.1,85.3,77.3,80.9
2025-07-13,KXHIGHCHI,80.4,80.0,82.3,82.3,73.5,77.9
2025-07-14,KXHIGHCHI,85.3,84.5,87.0,82.3,71.1,80.5
2025-07-15,KXHIGHCHI,86.9,86.8,90.3,84.5,73.5,85.4
2025-07-16,KXHIGHCHI,88.4,87.6,90.6,94.2,77.3,90.0
2025-07-17,KXHIGHCHI,70.9,72.5,74.3,72.9,74.7,72.6
2025-07-18,KXHIGHCHI,73.8,74.7,75.9,76.0,69.6,74.5
2025-07-19,KXHIGHCHI,81.3,80.6,82.2,78.0,76.1,80.3
2025-07-20,KXHIGHCHI,74.5,74.2,74.7,74.9,74.7,72.6
2025-07-21,KXHIGHCHI,77.2,76.4,79.3,78.6,68.2,78.6
2025-07-22,KXHIGHCHI,82.6,82.5,85.6,83.5,72.8,81.1
2025-07-23,KXHIGHCHI,92.9,91.4,90.4,93.1,79.5,91.4
2025-07-24,KXHIGHCHI,92.5,92.5,92.7,97.1,81.9,93.3
2025-07-25,KXHIGHCHI,81.7,77.3,81.0,80.9,74.6,77.5
2025-07-26,KXHIGHCHI,85.3,79.8,80.5,84.5,76.2,79.7
2025-07-27,KXHIGHCHI,84.2,83.2,89.4,84.0,74.4,81.6
2025-07-28,KXHIGHCHI,86.9,85.9,89.6,88.0,76.4,83.7
2025-07-29,KXHIGHCHI,92.5,89.3,93.8,92.5,77.6,91.0
2025-07-30,KXHIGHCHI,82.2,75.8,79.9,78.4,75.3,76.9
2025-07-31,KXHIGHCHI,73.1,70.0,74.1,76.0,68.2,74.6
2025-08-01,KXHIGHCHI,72.9,72.2,74.3,75.6,68.6,74.0
2025-08-02,KXHIGHCHI,74.9,75.3,76.7,77.5,68.6,75.6
2025-08-03,KXHIGHCHI,75.4,76.3,77.5,77.8,68.8,76.2
2025-08-04,KXHIGHCHI,77.0,76.5,78.0,78.6,69.8,77.8
2025-08-05,KXHIGHCHI,79.2,79.5,81.4,79.6,69.5,79.3
2025-08-06,KXHIGHCHI,82.2,83.3,85.7,83.5,71.3,81.5
2025-08-07,KXHIGHCHI,88.7,86.1,88.4,87.5,75.1,87.4
2025-08-08,KXHIGHCHI,91.8,90.1,91.5,94.2,78.4,91.0
2025-08-09,KXHIGHCHI,93.6,93.2,92.9,94.4,80.2,91.8
2025-08-10,KXHIGHCHI,89.8,87.0,89.6,93.3,79.3,90.1
2025-08-11,KXHIGHCHI,89.1,89.5,88.8,92.5,76.7,86.7
2025-08-12,KXHIGHCHI,84.4,81.5,86.7,81.9,75.7,79.8
2025-08-13,KXHIGHCHI,79.0,81.1,82.0,81.3,72.7,78.0
2025-08-14,KXHIGHCHI,78.5,79.1,80.4,81.2,69.7,75.0
2025-08-15,KXHIGHCHI,89.3,88.6,90.2,87.3,74.8,81.4
2025-08-16,KXHIGHCHI,92.5,91.5,95.6,92.8,77.7,89.2
2025-08-17,KXHIGHCHI,76.8,77.4,81.1,79.9,73.9,76.2
2025-08-18,KXHIGHCHI,87.6,84.8,87.0,87.0,75.8,80.7
2025-08-19,KXHIGHCHI,77.6,74.6,78.6,78.1,74.4,74.4
2025-08-20,KXHIGHCHI,72.5,71.3,74.5,75.4,67.7,71.2
2025-08-21,KXHIGHCHI,73.1,72.8,74.0,74.9,68.2,71.7
2025-08-22,KXHIGHCHI,76.7,78.6,80.2,78.9,70.3,74.5
2025-08-23,KXHIGHCHI,83.5,83.1,82.9,85.4,74.8,83.0
2025-08-24,KXHIGHCHI,73.1,72.7,72.2,74.0,68.1,72.4
2025-08-25,KXHIGHCHI,70.7,69.2,69.4,72.7,66.3,69.4
2025-08-26,KXHIGHCHI,73.1,71.8,72.1,73.6,66.6,71.2
2025-08-27,KXHIGHCHI,76.7,75.9,76.0,79.0,70.8,75.5
2025-08-28,KXHIGHCHI,74.0,72.2,73.9,74.4,67.1,72.0
2025-08-29,KXHIGHCHI,66.4,65.7,67.0,68.7,63.6,67.2
2025-08-30,KXHIGHCHI,69.8,69.4,71.4,71.5,65.4,71.1
2025-08-31,KXHIGHCHI,71.8,72.3,73.7,72.8,66.8,71.9
2025-09-01,KXHIGHCHI,72.9,73.5,75.0,75.3,66.8,74.4
2025-09-02,KXHIGHCHI,74.9,75.4,78.5,75.6,67.4,73.7
2025-09-03,KXHIGHCHI,72.7,65.2,72.4,73.9,68.9,68.9
2025-09-04,KXHIGHCHI,65.7,63.6,65.1,67.6,64.1,65.0
2025-09-05,KXHIGHCHI,64.8,64.5,65.5,68.4,63.9,66.2
2025-09-06,KXHIGHCHI,66.6,63.9,65.3,67.0,62.9,66.0
2025-09-07,KXHIGHCHI,66.0,65.0,66.8,66.1,62.0,64.4
2025-09-08,KXHIGHCHI,70.5,69.6,71.5,70.1,64.7,68.9
2025-09-09,KXHIGHCHI,74.5,73.7,74.1,73.6,67.7,75.5
2025-09-10,KXHIGHCHI,78.8,78.4,80.4,76.9,69.9,75.9
2025-09-11,KXHIGHCHI,73.2,73.0,76.2,73.5,67.0,72.3
2025-09-12,KXHIGHCHI,81.3,79.9,82.4,78.0,68.4,77.2
2025-09-13,KXHIGHCHI,75.8,73.2,76.9,81.8,68.4,77.2
2025-09-14,KXHIGHCHI,77.0,75.1,79.4,76.3,68.6,78.2
2025-09-15,KXHIGHCHI,78.1,75.3,79.3,76.7,68.8,77.2
2025-09-16,KXHIGHCHI,75.6,76.2,79.7,76.6,67.9,76.6
2025-09-17,KXHIGHCHI,76.5,77.3,80.7,77.2,67.4,75.8
2025-09-18,KXHIGHCHI,81.3,80.2,83.9,78.0,69.0,79.1
2025-09-19,KXHIGHCHI,84.0,80.9,86.8,81.0,69.5,80.0
2025-09-20,KXHIGHCHI,81.0,71.5,77.6,76.3,69.6,76.0
2025-09-21,KXHIGHCHI,81.9,75.9,81.2,82.6,69.7,80.4
2025-09-22,KXHIGHCHI,80.4,77.6,79.6,83.0,69.9,79.9
2025-09-23,KXHIGHCHI,71.5,73.7,76.3,73.4,67.2,73.3
2025-09-24,KXHIGHCHI,68.9,66.2,71.2,70.7,62.3,68.1
2025-09-25,KXHIGHCHI,69.8,68.9,72.5,71.4,61.8,69.6
2025-09-26,KXHIGHCHI,81.0,78.6,82.3,82.3,71.1,82.0
2025-09-27,KXHIGHCHI,84.6,83.9,86.3,86.3,75.3,85.4
2025-09-28,KXHIGHCHI,73.2,73.3,76.9,74.3,68.0,73.6
2025-09-29,KXHIGHCHI,80.3,80.2,86.0,77.4,66.9,77.8
2025-09-30,KXHIGHCHI,75.6,76.3,79.3,75.7,66.3,75.8
2025-10-01,KXHIGHCHI,73.1,70.8,74.0,72.8,63.5,70.7
2025-10-02,KXHIGHCHI,78.3,76.7,80.5,75.2,65.4,77.1
2025-10-03,KXHIGHCHI,85.3,85.3,87.5,86.8,72.2,84.1
2025-10-04,KXHIGHCHI,85.3,85.9,86.7,87.9,72.6,86.4
2025-10-05,KXHIGHCHI,81.9,82.0,83.0,83.9,70.6,82.8
2025-10-06,KXHIGHCHI,80.7,80.8,82.4,84.5,71.3,82.8
2025-10-07,KXHIGHCHI,63.6,64.9,68.3,65.5,58.5,64.2
2025-10-08,KXHIGHCHI,60.5,60.7,61.4,62.7,57.7,59.1
2025-10-09,KXHIGHCHI,61.1,59.5,62.0,61.6,56.6,61.2
2025-10-10,KXHIGHCHI,69.1,63.8,65.1,67.4,61.5,64.0
2025-10-11,KXHIGHCHI,63.0,61.8,63.2,64.4,58.2,61.6
2025-10-12,KXHIGHCHI,64.4,63.0,67.3,65.1,58.4,64.5
2025-10-13,KXHIGHCHI,69.2,65.0,67.5,67.4,60.8,68.6
2025-10-14,KXHIGHCHI,65.0,65.4,66.3,67.3,57.2,64.5
2025-10-15,KXHIGHCHI,60.4,58.0,60.7,60.9,55.7,59.3
2025-10-16,KXHIGHCHI,66.2,62.7,65.0,64.6,58.0,65.3
2025-10-17,KXHIGHCHI,72.7,71.4,72.9,73.6,64.0,72.4
2025-10-18,KXHIGHCHI,72.3,72.7,71.5,73.9,66.1,72.1
2025-10-19,KXHIGHCHI,61.1,58.9,60.5,62.3,58.2,59.3
2025-10-20,KXHIGHCHI,65.1,61.9,65.1,63.6,59.1,63.7
2025-10-21,KXHIGHCHI,55.8,53.3,55.0,56.3,53.1,53.3
2025-10-22,KXHIGHCHI,50.0,48.8,50.3,50.1,49.3,47.4
2025-10-23,KXHIGHCHI,52.0,50.4,51.2,52.5,49.4,51.6
2025-10-24,KXHIGHCHI,51.6,50.0,52.2,52.1,47.7,51.0
2025-10-25,KXHIGHCHI,53.4,51.0,53.1,53.5,51.5,52.6
2025-10-26,KXHIGHCHI,56.7,55.0,56.6,56.2,53.3,56.0
2025-10-27,KXHIGHCHI,55.5,53.0,55.1,54.9,53.0,54.7
2025-10-28,KXHIGHCHI,57.3,55.3,57.9,57.5,54.1,55.3
2025-10-29,KXHIGHCHI,55.1,52.4,54.7,54.2,51.0,54.1
2025-10-30,KXHIGHCHI,52.9,52.5,54.2,54.4,50.2,54.0
2025-10-31,KXHIGHCHI,53.9,51.9,53.3,54.2,51.6,52.2
2025-11-01,KXHIGHCHI,50.8,49.3,49.4,51.5,49.4,48.9
2025-11-02,KXHIGHCHI,52.9,51.5,52.7,53.6,49.5,52.1
2025-11-03,KXHIGHCHI,59.6,58.2,59.5,59.6,53.7,60.4
2025-11-04,KXHIGHCHI,61.9,59.1,61.8,63.3,54.5,61.8
2025-11-05,KXHIGHCHI,59.3,58.6,60.5,60.5,54.2,59.4
2025-11-06,KXHIGHCHI,57.8,55.5,57.2,58.5,52.1,57.4
2025-11-07,KXHIGHCHI,61.7,61.0,62.3,63.3,56.4,62.6
2025-11-08,KXHIGHCHI,50.1,48.2,49.7,50.6,47.4,47.9
2025-11-09,KXHIGHCHI,38.9,39.1,39.9,40.1,39.7,38.9
2025-11-10,KXHIGHCHI,33.6,30.7,34.3,33.4,35.5,33.1
2025-11-11,KXHIGHCHI,38.0,37.4,39.1,38.7,43.3,38.4
2025-11-12,KXHIGHCHI,51.9,50.9,53.2,52.9,48.3,54.1
2025-11-13,KXHIGHCHI,52.4,51.0,54.4,54.7,48.2,54.6
2025-11-14,KXHIGHCHI,62.3,61.2,65.9,66.7,55.4,65.7
2025-11-15,KXHIGHCHI,67.7,66.5,68.5,69.5,58.6,65.1
2025-11-16,KXHIGHCHI,52.4,48.8,50.1,50.9,49.7,48.8
2025-11-17,KXHIGHCHI,46.3,45.0,47.3,45.8,42.1,45.3
2025-11-18,KXHIGHCHI,44.0,41.9,41.6,43.3,42.1,42.0
2025-11-19,KXHIGHCHI,44.2,43.8,43.8,45.4,41.6,43.8
2025-11-20,KXHIGHCHI,49.0,46.7,47.0,48.7,47.6,45.2
2025-11-21,KXHIGHCHI,46.8,45.3,46.0,46.7,45.4,46.5
2025-11-22,KXHIGHCHI,48.9,46.3,48.0,49.3,46.7,46.1
2025-11-23,KXHIGHCHI,52.9,51.8,53.9,54.3,46.8,53.3
2025-11-24,KXHIGHCHI,51.6,49.0,49.6,51.4,47.2,49.7
2025-11-25,KXHIGHCHI,50.9,51.2,51.8,53.5,46.8,50.2
2025-11-26,KXHIGHCHI,48.5,43.8,47.3,47.5,45.4,43.7
2025-11-27,KXHIGHCHI,32.8,30.7,32.4,33.0,31.8,32.1
2025-11-28,KXHIGHCHI,30.3,31.0,30.7,31.4,30.6,30.6
2025-11-29,KXHIGHCHI,29.9,29.9,28.5,29.8,34.2,29.7
2025-11-30,KXHIGHCHI,32.2,31.8,32.0,32.0,34.4,31.6
2025-12-01,KXHIGHCHI,29.3,26.3,29.0,29.9,30.5,29.6
2025-12-02,KXHIGHCHI,24.5,23.9,24.5,25.5,28.4,24.1
2025-12-03,KXHIGHCHI,29.4,29.3,29.3,30.7,33.0,28.3
2025-12-04,KXHIGHCHI,20.0,17.5,20.5,20.7,25.9,21.3
2025-12-05,KXHIGHCHI,25.7,24.2,26.2,27.1,31.4,26.6
2025-12-06,KXHIGHCHI,30.9,29.6,31.5,32.8,31.7,31.1
2025-12-07,KXHIGHCHI,32.4,30.4,31.7,33.5,32.7,31.8
2025-12-08,KXHIGHCHI,24.0,22.3,24.5,27.7,27.6,25.7
2025-12-09,KXHIGHCHI,36.2,36.0,35.4,36.7,38.9,34.5
2025-12-10,KXHIGHCHI,38.4,38.0,38.0,39.4,41.1,37.0
2025-12-11,KXHIGHCHI,26.6,25.6,27.2,27.9,27.6,25.3
2025-12-12,KXHIGHCHI,29.9,29.4,30.0,32.7,28.7,29.7
2025-12-13,KXHIGHCHI,26.0,25.7,26.4,25.5,28.3,24.4
2025-12-14,KXHIGHCHI,11.9,8.1,11.0,10.2,15.0,10.1
2025-12-15,KXHIGHCHI,21.9,19.6,21.7,21.8,28.6,19.5
2025-12-16,KXHIGHCHI,35.9,35.7,35.4,40.3,37.4,36.2
2025-12-17,KXHIGHCHI,37.2,38.7,40.8,42.1,38.8,39.7
2025-12-18,KXHIGHCHI,48.3,49.8,49.5,51.5,46.3,48.9
2025-12-19,KXHIGHCHI,23.1,20.3,22.3,20.5,25.4,21.4
2025-12-20,KXHIGHCHI,38.0,38.3,39.9,40.7,38.5,38.9
2025-12-21,KXHIGHCHI,30.8,30.3,29.5,30.9,32.3,31.2
2025-12-22,KXHIGHCHI,40.2,40.2,42.8,44.8,38.9,41.5
2025-12-23,KXHIGHCHI,45.9,47.1,50.8,53.0,39.8,52.2
2025-12-24,KXHIGHCHI,44.3,40.5,43.2,43.4,38.6,42.3
2025-12-25,KXHIGHCHI,42.8,38.6,42.9,41.5,37.9,40.0
2025-12-26,KXHIGHCHI,46.1,44.3,45.0,50.3,40.3,47.1
2025-12-27,KXHIGHCHI,42.7,40.1,41.9,40.4,38.8,38.8
2025-12-28,KXHIGHCHI,54.3,50.7,51.5,52.8,47.1,55.7
2025-12-29,KXHIGHCHI,26.9,25.5,26.7,25.9,27.3,25.7
2025-12-30,KXHIGHCHI,23.3,23.2,22.2,21.6,26.7,21.6
2025-12-31,KXHIGHCHI,34.0,33.4,32.9,35.4,33.7,33.2
2026-01-01,KXHIGHCHI,20.6,18.3,19.8,18.2,22.5,19.4
2026-01-02,KXHIGHCHI,23.1,20.3,23.0,23.6,22.9,23.6
2026-01-03,KXHIGHCHI,27.1,23.1,25.5,25.5,26.8,25.9
2026-01-04,KXHIGHCHI,29.9,30.0,30.8,31.3,31.7,31.2
2026-01-05,KXHIGHCHI,37.1,40.5,42.8,44.8,35.7,42.5
2026-01-06,KXHIGHCHI,38.4,42.2,44.1,47.8,36.7,43.2
2026-01-07,KXHIGHCHI,42.8,39.9,41.0,45.2,38.4,41.3
2026-01-08,KXHIGHCHI,55.7,54.9,58.1,58.2,51.1,56.3
2026-01-09,KXHIGHCHI,57.9,57.7,59.6,59.3,51.9,57.0
2026-01-10,KXHIGHCHI,39.2,37.5,36.9,38.6,34.1,37.3
2026-01-11,KXHIGHCHI,32.4,32.1,32.1,34.2,29.0,31.6
2026-01-12,KXHIGHCHI,37.3,37.9,41.8,41.1,35.4,40.3
2026-01-13,KXHIGHCHI,46.7,47.8,49.8,51.4,44.8,47.4
2026-01-14,KXHIGHCHI,40.4,40.3,40.8,41.7,38.2,39.5
2026-01-15,KXHIGHCHI,22.9,20.9,22.6,23.5,23.4,22.9
2026-01-16,KXHIGHCHI,34.3,34.3,34.3,36.7,34.0,35.5
2026-01-17,KXHIGHCHI,26.5,24.3,28.8,25.2,28.5,24.8
2026-01-18,KXHIGHCHI,19.0,16.8,16.8,15.5,22.1,17.8
2026-01-19,KXHIGHCHI,18.0,17.7,18.6,16.9,22.0,16.4
2026-01-20,KXHIGHCHI,21.8,19.7,19.3,20.5,25.1,21.9
2026-01-21,KXHIGHCHI,28.0,26.8,29.0,31.6,29.3,29.5
2026-01-22,KXHIGHCHI,27.2,26.0,26.3,28.6,28.4,27.1
2026-01-23,KXHIGHCHI,10.8,7.1,7.7,8.8,14.2,9.0
2026-01-24,KXHIGHCHI,9.7,5.1,8.1,2.6,14.1,9.3
2026-01-25,KXHIGHCHI,17.6,17.5,17.6,17.6,18.5,17.7
2026-01-26,KXHIGHCHI,8.4,5.7,8.2,8.9,14.1,8.9
2026-01-27,KXHIGHCHI,13.2,13.7,13.9,14.7,19.5,13.6
2026-01-28,KXHIGHCHI,15.1,12.9,15.2,17.3,18.6,16.0
2026-01-29,KXHIGHCHI,15.6,14.1,17.2,17.3,16.2,16.6
2026-01-30,KXHIGHCHI,19.6,19.0,19.8,20.0,20.9,20.2
2026-01-31,KXHIGHCHI,24.5,22.9,24.6,23.9,25.5,24.8
2026-02-01,KXHIGHCHI,24.9,24.1,27.1,27.9,23.2,26.2
2026-02-02,KXHIGHCHI,27.2,26.7,27.1,31.5,26.1,27.1
2026-02-03,KXHIGHCHI,25.9,26.2,27.1,28.4,25.0,27.6
2026-02-04,KXHIGHCHI,24.7,25.0,25.5,25.9,24.3,26.2
2026-02-05,KXHIGHCHI,28.9,27.3,29.4,28.8,28.5,28.1
2026-02-06,KXHIGHCHI,34.4,35.6,36.4,39.1,33.9,36.0
2026-02-07,KXHIGHCHI,21.8,22.2,23.1,23.3,23.5,22.9
2026-02-08,KXHIGHCHI,27.6,25.8,29.0,29.0,25.5,27.1
2026-02-09,KXHIGHCHI,32.5,34.8,35.4,36.9,33.9,35.3
2026-02-10,KXHIGHCHI,40.6,43.7,44.7,49.6,36.0,47.0
2026-02-11,KXHIGHCHI,36.5,39.3,39.1,41.9,31.3,39.7
2026-02-12,KXHIGHCHI,34.2,34.3,36.4,34.3,29.6,35.3
2026-02-13,KXHIGHCHI,45.7,49.4,53.1,52.2,40.0,53.5
2026-02-14,KXHIGHCHI,45.2,47.6,51.4,47.1,37.7,48.3
2026-02-15,KXHIGHCHI,52.8,54.6,57.9,58.7,42.4,61.1
2026-02-16,KXHIGHCHI,58.5,60.0,64.8,63.8,46.3,64.3
2026-02-17,KXHIGHCHI,47.6,49.2,51.4,52.0,41.2,52.2
2026-02-18,KXHIGHCHI,59.3,58.2,61.9,61.4,51.0,62.7
2026-02-19,KXHIGHCHI,50.5,53.1,54.5,49.3,40.3,47.6
2026-02-20,KXHIGHCHI,45.1,42.2,46.9,47.2,38.0,44.4
2026-02-21,KXHIGHCHI,30.8,29.4,30.7,32.6,28.6,28.8
2026-02-22,KXHIGHCHI,26.6,25.8,26.4,26.7,25.7,27.6
2026-02-23,KXHIGHCHI,26.3,26.7,26.7,27.7,22.1,25.8
2026-02-24,KXHIGHCHI,36.0,35.4,35.0,37.4,34.8,34.5
2026-02-25,KXHIGHCHI,34.4,34.6,35.3,37.2,32.7,36.9
2026-02-26,KXHIGHCHI,39.2,38.8,39.8,43.7,34.5,40.2
2026-02-27,KXHIGHCHI,57.7,57.6,61.4,61.7,47.3,62.5
2026-02-28,KXHIGHCHI,47.1,44.5,45.7,49.3,40.4,44.3
2026-03-01,KXHIGHCHI,30.0,28.5,29.1,30.6,26.7,29.7
2026-03-02,KXHIGHCHI,38.1,35.1,38.4,37.0,31.4,37.5
2026-03-03,KXHIGHCHI,41.5,36.6,37.9,37.0,31.9,39.4
2026-03-04,KXHIGHCHI,43.7,37.5,41.8,38.1,37.4,39.3
2026-03-05,KXHIGHCHI,50.3,44.6,43.9,44.2,35.3,44.3
2026-03-06,KXHIGHCHI,63.2,63.0,70.8,68.3,56.4,63.0
2026-03-07,KXHIGHCHI,60.7,59.7,62.6,62.4,52.1,61.5
2026-03-08,KXHIGHCHI,59.4,58.0,60.5,59.4,49.6,62.2
2026-03-09,KXHIGHCHI,68.6,67.7,72.0,70.9,55.2,71.8
2026-03-10,KXHIGHCHI,58.2,57.4,60.5,62.6,50.5,59.7
2026-03-11,KXHIGHCHI,46.3,39.0,46.8,44.1,33.4,42.1
2026-03-12,KXHIGHCHI,44.3,43.3,45.0,46.7,37.2,45.1
2026-03-13,KXHIGHCHI,47.3,44.3,45.8,47.5,43.5,46.3
2026-03-14,KXHIGHCHI,35.8,34.4,37.4,35.1,32.6,34.4
2026-03-15,KXHIGHCHI,57.8,59.1,58.7,62.0,50.9,59.3
2026-03-16,KXHIGHCHI,32.4,31.4,32.1,32.1,30.1,31.5
2026-03-17,KXHIGHCHI,23.7,21.8,23.2,26.3,22.4,23.3
2026-03-18,KXHIGHCHI,40.8,40.9,41.6,45.2,38.3,44.0
2026-03-19,KXHIGHCHI,52.5,51.3,55.7,48.7,38.5,46.5
2026-03-20,KXHIGHCHI,64.1,65.2,69.0,69.0,51.9,66.7
2026-03-21,KXHIGHCHI,68.6,65.9,72.9,71.8,58.3,71.7
2026-03-22,KXHIGHCHI,65.9,64.4,65.6,68.2,57.4,63.1
2026-03-23,KXHIGHCHI,36.0,37.2,37.7,37.8,30.6,37.1
2026-03-24,KXHIGHCHI,48.8,46.0,49.4,50.8,35.9,49.1
2026-03-25,KXHIGHCHI,66.2,65.6,69.5,70.5,53.7,71.0
2026-03-26,KXHIGHCHI,64.4,60.8,69.8,69.0,50.5,67.1
2026-03-27,KXHIGHCHI,40.3,38.0,41.4,38.4,32.6,36.0
2026-03-28,KXHIGHCHI,47.0,44.8,46.6,48.2,40.6,47.6
2026-03-29,KXHIGHCHI,60.6,58.9,63.2,64.9,49.4,63.4
2026-03-30,KXHIGHCHI,75.2,76.7,79.4,80.7,59.1,80.1
2026-03-31,KXHIGHCHI,66.6,66.4,71.1,70.2,58.2,66.3
2026-04-01,KXHIGHCHI,40.5,39.1,39.4,40.1,36.2,38.9
2026-04-02,KXHIGHCHI,67.3,62.0,66.2,70.0,57.8,67.4
2026-04-03,KXHIGHCHI,61.4,60.1,64.0,62.1,56.4,61.8
2026-04-04,KXHIGHCHI,56.7,55.2,59.3,54.9,54.2,56.3
2026-04-05,KXHIGHCHI,51.1,49.8,51.4,53.2,46.1,50.2
2026-04-06,KXHIGHCHI,50.7,48.0,49.7,52.0,42.9,49.7
2026-04-07,KXHIGHCHI,34.9,34.5,35.5,36.3,35.3,34.0
2026-04-08,KXHIGHCHI,63.2,63.4,66.7,69.4,55.7,69.5
2026-04-09,KXHIGHCHI,65.7,67.0,71.3,73.6,57.9,67.4
2026-04-10,KXHIGHCHI,49.3,48.3,52.3,50.3,40.7,48.4
2026-04-11,KXHIGHCHI,50.9,50.0,52.9,52.1,45.6,49.8
2026-04-12,KXHIGHCHI,75.6,76.2,78.9,81.9,65.1,79.3
2026-04-13,KXHIGHCHI,76.3,71.5,78.6,78.9,63.0,75.3
2026-04-14,KXHIGHCHI,77.2,77.8,80.2,82.0,62.3,82.3
2026-04-15,KXHIGHCHI,70.7,68.0,71.9,71.5,64.6,71.1
2026-04-16,KXHIGHCHI,71.1,64.4,69.3,69.9,59.8,70.4
